event_index,relative_day,seconds_since_previous,hour_utc,weekday_utc,video_id,track_title,channel_name,in_music_library
1,0,,14,Thursday,i_i9Qp5g3SY,CROWN,ZombiiBoii - Topic,False
2,0,32,14,Thursday,dMAGiSGJNPk,midnight vice city,WisdomBeatz - Topic,False
3,0,11,14,Thursday,O4lu1QzzvYA,Playboi Carti - Long Time REMIX | DudekBeats,dudekbeats,False
4,0,2,14,Thursday,VnpZfVZss8E,Space Boy (feat. Lucki),Manny Laurenko - Topic,False
5,0,166,14,Thursday,KM01VEg9hsU,lucki - more than ever (slowed + reverb) 639hz,eternal!,False
6,0,179,14,Thursday,lUKGzvQj4bI,Pound Cake / Paris Morton Music 2,Release - Topic,False
7,0,222,14,Thursday,9-XbXBq8cl8,"Sing About Me, I'm Dying Of Thirst",Release - Topic,True
8,0,457,14,Thursday,ChUkGic_rjQ,lil tecca ~ show me up ﾉ slowed + reverb ﾉ,rum world,False
9,0,3,14,Thursday,tqiw_yIlSF0,Palace (Slowed + Reverb),ADTurnUp - Topic,False
10,0,2,14,Thursday,xFEMrHaU2zo,Watch This (Lil Uzi Vert) (Chill Version),Silent DJ - Topic,False
11,0,4,14,Thursday,Walj9dAapYo,https://music.youtube.com/watch?v=Walj9dAapYo,,False
12,0,3,14,Thursday,aqMMQcMN5pQ,elon musk,WisdomBeatz - Topic,False
13,0,22,14,Thursday,qxwNMy_gYng,Ease,Whirr - Topic,False
14,0,207,15,Thursday,ktfu22QX474,Head in the Ceiling Fan,Title Fight - Topic,False
15,0,239,15,Thursday,vdB3E5cRdTk,Telephones,Vacations - Topic,False
16,0,213,15,Thursday,l-rjYVI3OMo,What Once Was,Her's - Topic,False
17,0,255,15,Thursday,acg9ukzBwqg,i was all over her,Release - Topic,False
18,0,164,15,Thursday,_Jh54sLPCmg,Moon Undah Water,Puma Blue - Topic,False
19,0,221,15,Thursday,_uhaU5ca0Bs,Leave,Whirr - Topic,False
20,0,197,15,Thursday,JiDuubzc5yI,Heading for the Door,duster - Topic,False
21,0,187,15,Thursday,KfEEm4Zx-EU,505,Arctic Monkeys - Topic,False
22,0,254,15,Thursday,gUI_fNERR6s,Pale,Modern Color - Topic,False
23,0,192,15,Thursday,MwQd828yKkM,Become the Warm Jets,Current Joys - Topic,False
24,0,39,15,Thursday,r-P1pcayiZk,Youngest Daughter,Superheaven - Topic,False
25,0,250,15,Thursday,xKmqwrQFlpA,Locket,Crumb - Topic,False
26,0,26,15,Thursday,7B8YGZBeX8A,Junk Shop,Helvetia - Topic,False
27,0,237,15,Thursday,wkUVO6frGqE,Need 2,Pinegrove - Topic,False
28,0,192,15,Thursday,gm8vfUA81fk,Do Not Enter,Glare - Topic,False
29,0,15,15,Thursday,GnunFdSBEhQ,Your face,Wisp - Topic,False
30,0,1,15,Thursday,sMN0ibWJUWM,Vansire - Halcyon Age ( s l o w e d + r e v e r b),yeuric ,False
31,0,2,15,Thursday,Fd18EGnm6DM,Whole,Basement - Topic,False
32,0,940,16,Thursday,LG4Cf977rHc,Break,alex_g_offline - Topic,False
33,0,367,16,Thursday,8ElVb8YQbmI,Inside Out,duster - Topic,False
34,0,1185,16,Thursday,ymP9fUlF-Ok,gave you my all,juggler - Topic,False
35,0,12,16,Thursday,OirisOt-7Gk,How Does It Feel?,Citizen - Topic,False
36,0,6,16,Thursday,MxEjnYdfLXU,I Wonder,Kanye West - Topic,False
37,0,2040,17,Thursday,WYT4gMDHYZw,Walkin,Denzel Curry - Topic,False
38,0,1,17,Thursday,DUO_uZ_qbss,Champagne Poetry,Drake - Topic,False
39,0,1,17,Thursday,rNB5eIiIsUc,Hoe Cakes,MF Doom - Topic,False
40,0,3,17,Thursday,DSYfhTY7lEw,Green Twins,Nick Hakim - Topic,False
41,0,1,17,Thursday,MZ7okaUoqHs,WHARF TALK,"Tyler, The Creator - Topic",False
42,0,1,17,Thursday,J87pJrxvJ5E,PRIDE.,Kendrick Lamar - Topic,False
43,0,1,17,Thursday,AlR5pgNYMYE,Curry Chicken,Joey Bada$$ - Topic,False
44,0,1,17,Thursday,y_bBWlJdog4,4:44,JAY-Z - Topic,False
45,0,1,17,Thursday,-grPV-Fae6I,Not Afraid,Eminem - Topic,False
46,0,1,17,Thursday,Zbnv6sSFksc,Apparently,J. Cole - Topic,False
47,0,1,17,Thursday,Btlyh9mEWnc,Kiwi (feat. Juice),Quarters - Topic,False
48,0,2,17,Thursday,yhohHPdPczQ,MY EYES,Travis Scott - Topic,False
49,0,2,17,Thursday,xsmWMgshyBw,The Show Goes On,Lupe Fiasco - Topic,False
50,0,1,17,Thursday,e-BkS3d95ns,Day 'n' Nite,Kid Cudi - Topic,False
51,0,1,17,Thursday,WLNp0g2GBxQ,Coming Home,Diddy - Dirty Money - Topic,False
52,0,1,17,Thursday,tnVAEAo7nvA,Les,Childish Gambino - Topic,False
53,0,1,17,Thursday,tEXYfT_G0W0,"New Person, Same Old Mistakes",Tame Impala - Topic,True
54,0,1,17,Thursday,VGdWhqGIdh8,Borderline,Brad Sucks - Topic,False
55,0,1,17,Thursday,5bYHCWAaVDk,Make It Forever,George Clanton - Topic,False
56,0,1,17,Thursday,yMoiFhzhctY,Knees,Injury Reserve - Topic,False
57,0,1,17,Thursday,Jx_O6PHdWww,Hey Ya!,OutKast - Topic,False
58,0,235,17,Thursday,LWN0vQpwcKM,Fazers,King Geedorah - Topic,False
59,0,197,17,Thursday,jJcd806j7sM,TABOO | TA13OO,Denzel Curry - Topic,False
60,0,8,17,Thursday,ueWWNDG13Ts,Just A Dream,Nelly - Topic,False
61,0,1,17,Thursday,x2PvGMWlSpg,LIGHT IT UP!,xrossover - Topic,False
62,0,1,17,Thursday,pfEZW-1eDl8,Airplanes (feat. Hayley Williams of Paramore),B.O.B - Topic,False
63,0,1,17,Thursday,7ceLw_7ORRw,This Is Moon,filip22 :) - Topic,False
64,0,1,17,Thursday,Fx3b85eDQvw,Nights,Frank Ocean - Topic,False
65,0,144,17,Thursday,2oQ1VKtc1Yk,Dead Presidents lll,Logic - Topic,False
66,0,283,17,Thursday,4pTEdjpcJXk,Chandelier,Will Paquin - Topic,False
67,0,127,17,Thursday,0MATV0a9yiw,Eraser,✝✝✝ (Crosses) - Topic,False
68,0,137,17,Thursday,WySekulZAoY,Do Ya Like Vs Resonance (Mashup),Splice Records - Topic,False
69,0,218,17,Thursday,reULBFzDRi8,Take Me There,Trip Lee - Topic,False
70,0,228,17,Thursday,q_00JvvTuEU,Don't Wanna Fall In Love,KYLE - Topic,False
71,0,201,17,Thursday,ArPxrZwFK5M,Deadman's Wonderland,Trippie Redd - Topic,False
72,0,237,17,Thursday,_GWKkqNoyEA,Counting Stars,OneRepublic - Topic,False
73,1,84026,16,Friday,dMAGiSGJNPk,midnight vice city,WisdomBeatz - Topic,False
74,1,198,16,Friday,iB3utBtljMw,Mindset Blind,Gelion Lotres - Topic,False
75,1,251,17,Friday,Cc56wcQZ5Og,playboi carti & gunna - no time﹝slowed + reverb﹞,Chovies,False
76,1,155,17,Friday,Q--Wk-5sXDA,Tell Em,Cochise - Topic,False
77,1,1,17,Friday,oetfu7omm28,Watch This (ARIZONATEARS Pluggnb Remix),Lil Uzi Vert - Topic,False
78,1,4,17,Friday,yfdnTqn7yLs,I Say When We're Done,nikomanjiro - Topic,False
79,1,250,17,Friday,nbfFzs-dW3U,Stardust,MrHeadA$$Trendy - Topic,False
80,1,351,17,Friday,JXULdmwC5Us,4am freestyle,WisdomBeatz - Topic,False
81,1,238,17,Friday,ky2eToQg3bQ,Romantic,ADTurnUp - Topic,False
82,1,81,17,Friday,ocLqPPp5jl0,https://music.youtube.com/watch?v=ocLqPPp5jl0,,False
83,1,2,17,Friday,-pOxiz0MYIc,Hell Shell,Young Nudy - Topic,False
84,1,104,17,Friday,x1gR4Tr3E9g,More Than Ever,CHASETHEMONEY - Topic,False
85,1,101,17,Friday,WnxYoYBhyWA,Do You Want,LUCKI - Topic,True
86,1,2,17,Friday,tkPoOvVnbRk,Long Time (Intro),Playboi Carti - Topic,False
87,3,184778,20,Sunday,aXm_pHSh_O0,"Theo Von   only thing i won, was being alone",Stivion,False
88,3,95,20,Sunday,W2X0Gf9jfz8,Thunder Road,Bruce Springsteen - Topic,False
89,3,4,20,Sunday,8m81yTxQOe8,https://music.youtube.com/watch?v=8m81yTxQOe8,,False
90,3,487,20,Sunday,NNDXQwVAez8,gigi masin x voicemail - call me [𝚜𝚕𝚘𝚠𝚎𝚍 + 𝚛𝚎𝚟𝚎𝚛𝚋 + 𝚒𝚗𝚜𝚝𝚛𝚞𝚖𝚎𝚗𝚝𝚊𝚕],eoqb,False
91,3,90,20,Sunday,3hQVOclo_Io,grouper - poison tree (slowed),Antrikter,False
92,8,466282,6,Saturday,nbfFzs-dW3U,Stardust,MrHeadA$$Trendy - Topic,False
93,19,909245,19,Tuesday,D0vWiR9RD6w,Track 6,Lexcorp,False
94,19,161,19,Tuesday,Lzc4nzYZEHg,ATH (remix),Lexcorp,False
95,19,213,19,Tuesday,b0q5PR1xpA0,LEMMiNO - Cipher (BGM),LEMMiNO Music,False
96,19,197,19,Tuesday,XDpoBc8t6gE,kudasaibeats - the girl i haven't met,Ikigai,False
97,19,196,19,Tuesday,hC8CH0Z3L54,FKJ & Masego - Tadow,Fkj,False
98,25,505741,15,Monday,WFLGrpGemLg,Get You (feat. Kali Uchis),Daniel Caesar - Topic,False
99,25,5,15,Monday,-hQ5yilFxhw,SZA - Good Days (Instrumental) [2 hours],YAYY,False
100,376,30336996,18,Tuesday,05nBBznI9V0,Talk to Her,The Marías - Topic,False
101,376,328,18,Tuesday,uNCGM7FJ8wQ,Alpha,Daniel Rosenfeld - Topic,True
102,376,1971,19,Tuesday,3wj2FT4qzsM,dream pad edit,Lexcorp,False
103,376,91,19,Tuesday,qYcoJpqCha4,aruarian dance,Nujabes - Topic,True
104,376,251,19,Tuesday,uVsid59MkDs,Intro,J. Cole - Topic,False
105,376,129,19,Tuesday,eImirstTOyE,Uber Everywhere,MadeinTYO - Topic,False
106,376,153,19,Tuesday,s-oH-edxk-0,Tay-K - Everywhere I Go,Tay-K,False
107,376,127,19,Tuesday,-6TdRiNnP9Q,BE RIGHT BACK,Glokk40Spaz - Topic,False
108,376,169,19,Tuesday,QuIQ23b6V_I,"Sing About Me, Im Dying of Thirst (Tyler the creator remix)",Bleach,False
109,376,432,19,Tuesday,mcrf0-fIZhY,https://music.youtube.com/watch?v=mcrf0-fIZhY,,False
110,376,240,19,Tuesday,Ah9Lb14B4PA,Tobey,Eminem - Topic,False
111,376,286,19,Tuesday,3WCsEhzduuk,Unknown T x Orchestra (Extended + Loop),Chenson Lee,False
112,376,453,19,Tuesday,Q6nu9-J-DH0,Jujutsu Kaisen: Gojo vs Toji (Riko in the Aquarium) Theme | EPIC 1 HOUR VERSION,Paul Drew Music,False
113,383,591883,16,Tuesday,05nBBznI9V0,Talk to Her,The Marías - Topic,False
114,383,2,16,Tuesday,uNCGM7FJ8wQ,Alpha,Daniel Rosenfeld - Topic,True
115,383,607,16,Tuesday,YnsiyiC0Nc0,Pinegrove - Aphasia - Audiotree Live (8 of 8),Audiotree,False
116,383,494,16,Tuesday,qYcoJpqCha4,aruarian dance,Nujabes - Topic,True
117,383,4585,17,Tuesday,3wj2FT4qzsM,dream pad edit,Lexcorp,False
118,383,22,17,Tuesday,s1F7CVT0I7E,010 (edit),Lexcorp,False
119,383,74,17,Tuesday,4BzWL4pHm78,American Palace,Lexcorp,False
120,383,34,17,Tuesday,M4eQ1F3jBa8,1700,Lexcorp,False
121,383,22,17,Tuesday,D0vWiR9RD6w,Track 6,Lexcorp,False
122,383,24,18,Tuesday,8cQB1hlfDRk,Track 7,Lexcorp,False
123,383,13,18,Tuesday,eERxMmksUDY,Track 8,Lexcorp,False
124,383,124,18,Tuesday,rVHnfYAACgA,Your Obituary,1791,False
125,384,85171,17,Wednesday,rVHnfYAACgA,Your Obituary,1791,False
126,384,612,17,Wednesday,M4eQ1F3jBa8,1700,Lexcorp,False
127,384,77,17,Wednesday,D0vWiR9RD6w,Track 6,Lexcorp,False
128,384,5029,19,Wednesday,3wj2FT4qzsM,dream pad edit,Lexcorp,False
129,384,23,19,Wednesday,s1F7CVT0I7E,010 (edit),Lexcorp,False
130,384,1873,19,Wednesday,8cQB1hlfDRk,Track 7,Lexcorp,False
131,384,11,19,Wednesday,eERxMmksUDY,Track 8,Lexcorp,False
132,384,2,19,Wednesday,3tJ_PV_9ETo,Track 10,Lexcorp,False
133,384,898,20,Wednesday,4BzWL4pHm78,American Palace,Lexcorp,False
134,386,194757,2,Saturday,uNCGM7FJ8wQ,Alpha,Daniel Rosenfeld - Topic,True
135,391,414541,21,Wednesday,uNCGM7FJ8wQ,Alpha,Daniel Rosenfeld - Topic,True
136,391,935,21,Wednesday,3tJ_PV_9ETo,Track 10,Lexcorp,False
137,391,214,21,Wednesday,rVHnfYAACgA,Your Obituary,1791,False
138,391,279,21,Wednesday,M4eQ1F3jBa8,1700,Lexcorp,False
139,391,1639,22,Wednesday,eERxMmksUDY,Track 8,Lexcorp,False
140,391,2476,22,Wednesday,3wj2FT4qzsM,dream pad edit,Lexcorp,False
141,392,86368,22,Thursday,uNCGM7FJ8wQ,Alpha,Daniel Rosenfeld - Topic,True
142,392,603,23,Thursday,FMJoOTOBcwE,Aerie,Lena Raine - Topic,True
143,392,297,23,Thursday,W9p-yVwF71o,Space,Andrew Prahlow - Topic,False
144,392,255,23,Thursday,EookC5tOhxE,Clark,Daniel Rosenfeld - Topic,False
145,392,192,23,Thursday,YkI-AOjFXYM,Nocturne,Trevor Kowalski - Topic,False
146,392,206,23,Thursday,DXLe3uErFNM,Zelda's Lullaby (The Legend of Zelda: Ocarina of Time),MajorLink - Topic,False
147,395,244184,19,Sunday,WmYTrtu-25A,Shuniji,Daniel Rosenfeld - Topic,False
148,395,1158,19,Sunday,v01q01LbWzI,The Pixies - Where Is My Mind (Retrowave Cover Long Version),The Motion,False
149,395,2579,20,Sunday,s1F7CVT0I7E,010 (edit),Lexcorp,False
150,395,91,20,Sunday,3wj2FT4qzsM,dream pad edit,Lexcorp,False
151,395,91,20,Sunday,4BzWL4pHm78,American Palace,Lexcorp,False
152,395,128,20,Sunday,M4eQ1F3jBa8,1700,Lexcorp,False
153,395,125,20,Sunday,D0vWiR9RD6w,Track 6,Lexcorp,False
154,395,160,20,Sunday,8cQB1hlfDRk,Track 7,Lexcorp,False
155,395,114,20,Sunday,eERxMmksUDY,Track 8,Lexcorp,False
156,395,124,20,Sunday,3tJ_PV_9ETo,Track 10,Lexcorp,False
157,395,122,20,Sunday,rVHnfYAACgA,Your Obituary,1791,False
158,395,10759,23,Sunday,kZmZ-DvGXvM,playboi carti - @ meh (banakula & llusion remix) (slowed + reverb),slerb,False
159,395,173,23,Sunday,_i1wNr2gEVo,travis scott ~ astrothunder ﾉ slowed + reverb ﾉ,rum world,False
160,395,471,23,Sunday,DmH0ECtSjRs,4422,Drake - Topic,False
161,395,361,23,Sunday,x4JNfW3y0h0,FRANK OCEAN - PINK + WHITE  ( s l o w e d   +   r e v e r b ),GIULIANO,False
162,395,14,23,Sunday,blcSLo3yecs,Lil Tecca - Ransom (slowed+reverb),KAYX,False
163,395,5,23,Sunday,wT2OQwiC08Y,Hotel Ugly - Shut Up My Moms Calling (Slowed + Reverb),• Gandhiswag •,False
164,395,3,23,Sunday,SwgH7YXkWWk,j. cole ~ no role modelz ﾉ slowed + reverb ﾉ,rum world,False
165,395,15492,3,Monday,uNCGM7FJ8wQ,Alpha,Daniel Rosenfeld - Topic,True
166,409,1195775,0,Monday,4BzWL4pHm78,American Palace,Lexcorp,False
167,409,128,0,Monday,M4eQ1F3jBa8,1700,Lexcorp,False
168,409,125,0,Monday,D0vWiR9RD6w,Track 6,Lexcorp,False
169,409,398,0,Monday,3tJ_PV_9ETo,Track 10,Lexcorp,False
170,409,1943,0,Monday,s1F7CVT0I7E,010 (edit),Lexcorp,False
171,409,426,0,Monday,8cQB1hlfDRk,Track 7,Lexcorp,False
172,409,115,1,Monday,rVHnfYAACgA,Your Obituary,1791,False
173,409,53,1,Monday,eERxMmksUDY,Track 8,Lexcorp,False
174,409,4581,2,Monday,3wj2FT4qzsM,dream pad edit,Lexcorp,False
175,410,64306,20,Monday,8cQB1hlfDRk,Track 7,Lexcorp,False
176,410,114,20,Monday,rVHnfYAACgA,Your Obituary,1791,False
177,410,156,20,Monday,eERxMmksUDY,Track 8,Lexcorp,False
178,410,124,20,Monday,D0vWiR9RD6w,Track 6,Lexcorp,False
179,410,160,20,Monday,3tJ_PV_9ETo,Track 10,Lexcorp,False
180,410,122,20,Monday,3wj2FT4qzsM,dream pad edit,Lexcorp,False
181,410,91,20,Monday,4BzWL4pHm78,American Palace,Lexcorp,False
182,410,128,20,Monday,M4eQ1F3jBa8,1700,Lexcorp,False
183,410,125,20,Monday,s1F7CVT0I7E,010 (edit),Lexcorp,False
184,412,177567,21,Wednesday,8TLR-TTXDY8,Quantum Mechanics,Ludwig Göransson - Topic,False
185,412,180,21,Wednesday,k79dMVVmvA8,Comforting Memories,Kumi Tanioka - Topic,False
186,412,1894,22,Wednesday,904fP4orPYM,Environments,Berlinist - Topic,False
187,412,381,22,Wednesday,GKiz8SvAqsY,Undertale - His Theme (Orchestral Cover),Osirois Music,False
188,412,908,22,Wednesday,YkI-AOjFXYM,Nocturne,Trevor Kowalski - Topic,False
189,412,206,22,Wednesday,TaXlw0OmSOg,Bromeliad,Aaron Cherof - Topic,False
190,412,839,22,Wednesday,cp1MDuIsLxk,deep dreams,Insensible - Topic,False
191,412,181,23,Wednesday,z34enKCqRGk,Travelers,Andrew Prahlow - Topic,False
192,412,520,23,Wednesday,y-f8pEX1Q1M,Infinite Amethyst,Lena Raine - Topic,False
193,412,272,23,Wednesday,-jcSBCqNlyY,Loneliness,Epic Mountain - Topic,False
194,412,1498,23,Wednesday,FnPmIrdOkcU,Aria Math (Handpan Version),Atakan Teoman - Topic,True
195,412,5,23,Wednesday,j_CSglLbGns,This Time Is Different,Lifeformed - Topic,True
196,412,197,23,Wednesday,6r-e3YGINuc,Dramamine (Slowed),Killswitch Memories - Topic,True
197,412,252,23,Wednesday,p0UTjSiXNp0,Quiet and Falling,Lena Raine - Topic,True
198,412,449,23,Wednesday,uNCGM7FJ8wQ,Alpha,Daniel Rosenfeld - Topic,True
199,412,603,0,Thursday,qYcoJpqCha4,aruarian dance,Nujabes - Topic,True
200,412,250,0,Thursday,Kj0PXA2gfM4,Furthest Thing,Drake - Topic,True
201,412,269,0,Thursday,kstlaTn9UWw,Baby Shea,Ovlov - Topic,True
202,412,96,0,Thursday,Aq-7_BxOYoM,one Note Plant,GONTITI - Topic,True
203,412,245,0,Thursday,VF-VjxEB81U,L'amore dice ciao (Slow Take),Armando Trovajoli - Topic,True
204,412,258,0,Thursday,WnxYoYBhyWA,Do You Want,LUCKI - Topic,True
205,412,136,0,Thursday,4tBSDdcEJos,Undress,Pretty Sick - Topic,True
206,412,464,0,Thursday,D7DVSZ_poHk,Swing Lynn,Harmless - Topic,True
207,412,322,0,Thursday,oIdWMXOF7io,Bell Jar,SOLOS - Topic,True
208,412,147,0,Thursday,8znhxYaYEXY,Float Away,The Grinns - Topic,True
209,412,159,0,Thursday,jcYvDZKLQJ0,Me and the Birds,duster - Topic,True
210,412,96,0,Thursday,YifOMt9dlGk,Eventually,Tame Impala - Topic,True
211,412,320,0,Thursday,KOIEo_74L-Q,Aria Math,Daniel Rosenfeld - Topic,True
212,412,309,0,Thursday,DKhp_CO0s6A,Deep In Yr Mind,James Wyatt Crosby - Topic,True
213,412,36,0,Thursday,tEXYfT_G0W0,"New Person, Same Old Mistakes",Tame Impala - Topic,True
214,412,3,0,Thursday,15WnsPS0Z5o,Cherryade,The Sukis - Topic,True
215,412,11,0,Thursday,kZmZ-DvGXvM,playboi carti - @ meh (banakula & llusion remix) (slowed + reverb),slerb,False
216,412,2064,1,Thursday,YqfbDisiAQo,Groves,Ludwig Göransson - Topic,True
217,412,185,1,Thursday,exvt4dzmuaI,Resonance,Home - Topic,False
218,415,239117,20,Saturday,0qlvKgm-WXM,F Song,Strawberry Guy - Topic,True
219,415,3269,20,Saturday,XU8rNrTnIUE,Emile Mosseri - Jacob and the Stone [𝙨𝙡𝙤𝙬𝙚𝙙 + 𝙧𝙚𝙫𝙚𝙧𝙗 + 𝙚𝙭𝙩𝙚𝙣𝙙𝙚𝙙],Hendo,False
220,415,4165,22,Saturday,q86g1aop6a8,Aphex Twin - Stone In Focus,Jack Assir,False
221,419,329714,17,Wednesday,q86g1aop6a8,Aphex Twin - Stone In Focus,Jack Assir,False
222,419,107,17,Wednesday,4BzWL4pHm78,American Palace,Lexcorp,False
223,419,35,17,Wednesday,TKHjJnEaVrQ,Brown Noise for Sleep,Sounds For Life - Topic,False
224,419,13699,21,Wednesday,3wj2FT4qzsM,dream pad edit,Lexcorp,False
225,419,26825,4,Thursday,vx7S3v7u7jY,Fission,Ludwig Göransson - Topic,True
226,420,58513,21,Thursday,8TLR-TTXDY8,Quantum Mechanics,Ludwig Göransson - Topic,False
227,420,180,21,Thursday,F4Q3O5z7bR8,Opening,Bryce Dessner - Topic,False
228,420,19316,2,Friday,O3no-kL6loY,"catching flies - satisfied (slowed + reverb, paul stretched)",drown in fog,False
229,420,432,2,Friday,UeSDvg5xsWI,Flawed Mangoes - Dramamine (Visualizer),Flawed Mangoes,False
230,420,49,2,Friday,s1F7CVT0I7E,010 (edit),Lexcorp,False
231,420,90,2,Friday,3wj2FT4qzsM,dream pad edit,Lexcorp,False
232,420,91,2,Friday,4BzWL4pHm78,American Palace,Lexcorp,False
233,420,128,2,Friday,M4eQ1F3jBa8,1700,Lexcorp,False
234,420,125,2,Friday,D0vWiR9RD6w,Track 6,Lexcorp,False
235,420,160,2,Friday,8cQB1hlfDRk,Track 7,Lexcorp,False
236,420,114,2,Friday,eERxMmksUDY,Track 8,Lexcorp,False
237,420,124,2,Friday,3tJ_PV_9ETo,Track 10,Lexcorp,False
238,420,122,3,Friday,rVHnfYAACgA,Your Obituary,1791,False
239,420,1399,3,Friday,vx7S3v7u7jY,Fission,Ludwig Göransson - Topic,True
240,420,280,3,Friday,-yNHlKAzyVA,Flim,Aphex Twin - Topic,False
241,420,177,3,Friday,qw4eLkj1Fzs,Not Alone,Ólafur Arnalds - Topic,False
242,420,196,3,Friday,mtAWk7nZcPA,Can You Hear The Music (From 'Oppenheimer'),Baltic House Orchestra - Topic,False
243,420,209,3,Friday,v2m9J8Z110I,Everything In Its Right Place (Instrumental),SAD - Topic,False
244,420,267,3,Friday,iz8CFSNmfss,being loved isn't the same as being understood,Vines - Topic,False
245,420,178,3,Friday,Ggddxkj8tU0,The Girl I Haven't Met,Kudasaibeats - Topic,False
246,420,195,3,Friday,_3ngiSxVCBs,Sweden,Daniel Rosenfeld - Topic,False
247,420,216,3,Friday,9ytiyD_QA2s,magic,Medasin - Topic,True
248,420,357,3,Friday,OkqOmWyb2Ac,IZ-US,Aphex Twin - Topic,True
249,420,177,4,Friday,b0d8sSmZqzs,Trinity,Ludwig Göransson - Topic,True
250,420,473,4,Friday,66SIhKcVIsg,Help Me Out,Alicks - Topic,False
251,420,21,4,Friday,XU8rNrTnIUE,Emile Mosseri - Jacob and the Stone [𝙨𝙡𝙤𝙬𝙚𝙙 + 𝙧𝙚𝙫𝙚𝙧𝙗 + 𝙚𝙭𝙩𝙚𝙣𝙙𝙚𝙙],Hendo,False
252,420,4,4,Friday,q86g1aop6a8,Aphex Twin - Stone In Focus,Jack Assir,False
253,420,612,4,Friday,-64qq6rThDE,Roof Cave Down,Release - Topic,True
254,420,153,4,Friday,6r-e3YGINuc,Dramamine (Slowed),Killswitch Memories - Topic,True
255,420,250,4,Friday,p0UTjSiXNp0,Quiet and Falling,Lena Raine - Topic,True
256,420,448,4,Friday,VMxmWWUxx48,Oppenheimer - Trinity [1 Hour] (Piano Part Only Looped),Anzen Beats,False
257,420,950,4,Friday,05nBBznI9V0,Talk to Her,The Marías - Topic,False
258,420,328,4,Friday,uNCGM7FJ8wQ,Alpha,Daniel Rosenfeld - Topic,True
259,420,59,4,Friday,99B63a5xPno,alpha by c418 except it's the perfect end to a decade,AquaSkye,False
260,420,1062,5,Friday,uNCGM7FJ8wQ,Alpha,Daniel Rosenfeld - Topic,True
261,420,631,5,Friday,99B63a5xPno,alpha by c418 except it's the perfect end to a decade,AquaSkye,False
262,420,734,5,Friday,05nBBznI9V0,Talk to Her,The Marías - Topic,False
263,423,291511,14,Monday,3wj2FT4qzsM,dream pad edit,Lexcorp,False
264,423,91,14,Monday,vx7S3v7u7jY,Fission,Ludwig Göransson - Topic,True
265,424,279,14,Monday,uNCGM7FJ8wQ,Alpha,Daniel Rosenfeld - Topic,True
266,424,603,14,Monday,99B63a5xPno,alpha by c418 except it's the perfect end to a decade,AquaSkye,False
267,424,1181,15,Monday,TKHjJnEaVrQ,Brown Noise for Sleep,Sounds For Life - Topic,False
268,424,2625,15,Monday,6r-e3YGINuc,Dramamine (Slowed),Killswitch Memories - Topic,True
269,424,250,16,Monday,05nBBznI9V0,Talk to Her,The Marías - Topic,False
270,424,327,16,Monday,j_CSglLbGns,This Time Is Different,Lifeformed - Topic,True
271,424,196,16,Monday,rVHnfYAACgA,Your Obituary,1791,False
272,424,156,16,Monday,OkqOmWyb2Ac,IZ-US,Aphex Twin - Topic,True
273,424,178,16,Monday,YqfbDisiAQo,Groves,Ludwig Göransson - Topic,True
274,424,183,16,Monday,b0d8sSmZqzs,Trinity,Ludwig Göransson - Topic,True
275,424,473,16,Monday,O3no-kL6loY,"catching flies - satisfied (slowed + reverb, paul stretched)",drown in fog,False
276,424,6618,18,Monday,q86g1aop6a8,Aphex Twin - Stone In Focus,Jack Assir,False
277,424,611,18,Monday,p0UTjSiXNp0,Quiet and Falling,Lena Raine - Topic,True
278,424,16216,22,Monday,s1F7CVT0I7E,010 (edit),Lexcorp,False
279,426,185591,2,Thursday,q86g1aop6a8,Aphex Twin - Stone In Focus,Jack Assir,False
280,426,611,2,Thursday,p0UTjSiXNp0,Quiet and Falling,Lena Raine - Topic,True
281,426,448,2,Thursday,vx7S3v7u7jY,Fission,Ludwig Göransson - Topic,True
282,426,279,2,Thursday,mtAWk7nZcPA,Can You Hear The Music (From 'Oppenheimer'),Baltic House Orchestra - Topic,False
283,426,119,2,Thursday,s1F7CVT0I7E,010 (edit),Lexcorp,False
284,426,91,2,Thursday,3wj2FT4qzsM,dream pad edit,Lexcorp,False
285,426,91,2,Thursday,4BzWL4pHm78,American Palace,Lexcorp,False
286,426,128,2,Thursday,M4eQ1F3jBa8,1700,Lexcorp,False
287,426,125,3,Thursday,D0vWiR9RD6w,Track 6,Lexcorp,False
288,426,160,3,Thursday,8cQB1hlfDRk,Track 7,Lexcorp,False
289,426,114,3,Thursday,eERxMmksUDY,Track 8,Lexcorp,False
290,426,124,3,Thursday,3tJ_PV_9ETo,Track 10,Lexcorp,False
291,426,1537,3,Thursday,rVHnfYAACgA,Your Obituary,1791,False
292,426,34452,13,Thursday,3wj2FT4qzsM,dream pad edit,Lexcorp,False
293,426,91,13,Thursday,4BzWL4pHm78,American Palace,Lexcorp,False
294,426,128,13,Thursday,M4eQ1F3jBa8,1700,Lexcorp,False
295,426,124,13,Thursday,D0vWiR9RD6w,Track 6,Lexcorp,False
296,426,160,13,Thursday,8cQB1hlfDRk,Track 7,Lexcorp,False
297,426,115,13,Thursday,eERxMmksUDY,Track 8,Lexcorp,False
298,426,124,13,Thursday,3tJ_PV_9ETo,Track 10,Lexcorp,False
299,426,123,13,Thursday,rVHnfYAACgA,Your Obituary,1791,False
300,426,2286,14,Thursday,s1F7CVT0I7E,010 (edit),Lexcorp,False
301,432,462104,22,Tuesday,jmEyZ_94NBw,intro by c418 except it's kind of sad and very nostalgic,AquaSkye,False
302,432,324,22,Tuesday,b-ZXlg1KXwE,"nevermind, everything's ok (slowed + reverb)",drown in fog,False
303,432,684,22,Tuesday,3kty7MwCGk8,Hide - Dorian Concept (Slowed x Reverbed),DarkFantasyZonor,False
304,432,240,22,Tuesday,H-SLiGbn3aM,01 Main Theme [Official Mouthwashing OST],Wrong Organ,False
305,432,77,22,Tuesday,KM5wyYc5qBA,jacal - streetlights (guitar playthrough),jacal,False
306,432,167,22,Tuesday,S2NCo3k_RdU,Sunday Scaries - Flawed Mangoes (slowed),Spongmud,False
307,432,184,22,Tuesday,_CtaTTDaDeY,"Lonely Lies, GOLDKID$ - Interlinked (Ultra Slowed Audio)",GOLDKID$,False
308,432,257,22,Tuesday,6NG0Lg_i-Kw,antent - hope to see you again (super slowed),Antent,False
309,432,221,22,Tuesday,aNM1AyztRrQ,piedkies - morning mist,dreamscape,False
310,432,216,23,Tuesday,xqp4gNT410s,liminalyx - cold loneliness,dreamscape,False
311,432,198,23,Tuesday,OTE7a8JVBws,aphex twin - #3 (slowed + reverb),altered vibes,False
312,432,2128,23,Tuesday,3wj2FT4qzsM,dream pad edit,Lexcorp,False
313,432,92,23,Tuesday,uPp2n5cFC68,alvedon - retire (final) (slowed + reverb),drown in fog,False
314,432,439,23,Tuesday,FfQoshkVChk,𝒀𝒗𝒆𝒔 𝑻𝒖𝒎𝒐𝒓 • 𝑳𝒊𝒎𝒆𝒓𝒆𝒏𝒄𝒆 • 𝑨𝒏𝒈𝒆𝒍𝒊𝒄 𝑽𝒆𝒓𝒔𝒊𝒐𝒏,Aesela,False
315,432,232,23,Tuesday,IJs81BcpvFY,HOME | resonance (432 hz) (slowed + reverb),A D R I F T,False
316,432,15863,4,Wednesday,n7YSG0AV5iI,Just chill bro...,darkbutgoodambient,False
317,432,1005,4,Wednesday,q86g1aop6a8,Aphex Twin - Stone In Focus,Jack Assir,False
318,432,612,4,Wednesday,50UKqoiqf3k,retire (final) but youre in a liminal space,rxosy music,False
319,432,272,4,Wednesday,_7breslx57I,øneheart x reidenshi - snowfall | Slowed Down,Stretched Harmonics,False
320,432,773,5,Wednesday,BL6W-1nd0p8,Medasin - magic (slideshow version),FishCake,False
321,432,242,5,Wednesday,-RO4OChykaA,blut own - drifting,dreamscape,False
322,432,201,5,Wednesday,Z9iThNdZpKY,Cry - Cigarettes after sex (slowed + rain),Syukouso,False
323,432,279,5,Wednesday,_th4DLbatDM,C418 - Subwoofer Lullaby (slowed + reverb),Price,False
324,432,307,5,Wednesday,GMY8w08VEM0,flatsound | a dream,flatsound,False
325,432,170,5,Wednesday,nTDvnuqSNXI,aphex twin - stone in focus (slowed + reverb),vermont,False
326,432,767,5,Wednesday,BgBNLX_3afs,lonnex - losing,dreamscape,False
327,432,359,5,Wednesday,5m4QzyIXSPM,hozuki - snowfield,dreamscape,False
328,432,230,5,Wednesday,vjIG3UZza2k,"""I dont sleep well anymore"" Present",Toobles,False
329,432,147,5,Wednesday,lEfp82abauA,PASTEL GHOST - DARK BEACH (slowed),Alex practice,False
330,432,308,5,Wednesday,Yxn9x3f8Rhs,Minari - Jacob and the Stone Extended,Soulful Music,False
331,433,52667,20,Wednesday,s1F7CVT0I7E,010 (edit),Lexcorp,False
332,433,91,20,Wednesday,3wj2FT4qzsM,dream pad edit,Lexcorp,False
333,433,91,20,Wednesday,4BzWL4pHm78,American Palace,Lexcorp,False
334,433,128,20,Wednesday,M4eQ1F3jBa8,1700,Lexcorp,False
335,433,124,20,Wednesday,D0vWiR9RD6w,Track 6,Lexcorp,False
336,433,160,20,Wednesday,8cQB1hlfDRk,Track 7,Lexcorp,False
337,433,115,20,Wednesday,eERxMmksUDY,Track 8,Lexcorp,False
338,433,124,20,Wednesday,3tJ_PV_9ETo,Track 10,Lexcorp,False
339,433,2321,21,Wednesday,q86g1aop6a8,Aphex Twin - Stone In Focus,Jack Assir,False
340,433,1955,21,Wednesday,p0UTjSiXNp0,Quiet and Falling,Lena Raine - Topic,True
341,433,228,21,Wednesday,rVHnfYAACgA,Your Obituary,1791,False
342,433,2754,22,Wednesday,uNCGM7FJ8wQ,Alpha,Daniel Rosenfeld - Topic,True
343,433,603,22,Wednesday,k79dMVVmvA8,Comforting Memories,Kumi Tanioka - Topic,False
344,433,34,22,Wednesday,K7d3Np73nHw,salvia path - dream (doomer) 1 hour loop,روح,False
345,433,3630,23,Wednesday,mkXACLmtUo0,Flawed Mangoes - Missing Pieces (Visualizer),Flawed Mangoes,False
346,433,202,23,Wednesday,bErro3V93ok,Men I Trust - I Hope To Be Around (live),Men I Trust,False
347,433,208,0,Thursday,Nsv07AuY9k0,Radiohead - Everything In Its Right Place (slowed instrumental),picture.,False
348,433,347,0,Thursday,xnhXGNASzck,faye webster - i know you (slowed & reverb) [with lyrics],lustry.,False
349,433,352,0,Thursday,sk9XK3eMR6Y,in my restless dreams,666ep ♪,False
350,433,62,0,Thursday,RhAUL-uQTCs,tiredminds - how to never stop being sad (instrumental) [slowed + reverb],tiredminds,False
351,433,167,0,Thursday,yHRXlD2-khk,not that i’m anywhere - cities aviv (instrumental loop) [slowed],spedupsl0w3d ☆,False
352,433,5,0,Thursday,-7nfEMjaM1M,Bedroom - In My Head (Official Audio),Bedroom,False
353,433,4,0,Thursday,RUmasKuqag0,Strawberry Guy - F Song,David Dean Burkhart,False
354,433,226,0,Thursday,wMR4jLlTw0c,Yves Tumor - Limerence (instrumental + slowed),ikodary,False
355,433,185,0,Thursday,n02bFu73ez8,daniel.mp3 - green to blue,Somber Sounds,False
356,433,190,0,Thursday,MKYY0IlTMw4,Slowdive - When the Sun Hits (Audio),SlowdiveVEVO,False
357,433,290,0,Thursday,ETkLGGxMEgU,nuages - closer (slowed down),dreamscape,False
358,433,372,0,Thursday,13I5KSMPLzc,https://music.youtube.com/watch?v=13I5KSMPLzc,,False
359,433,134,0,Thursday,sB90i8fc3nw,Current Joys - Fear,Stumble on Tapes,False
360,433,241,0,Thursday,Uj-uJdUM7Gw,not allowed tv girl (slowed instrumental),3xclusive0x,False
361,433,199,0,Thursday,Ji3HV8VT7Cs,"bonjr, .diedlonely - limerence",dreamscape,False
362,433,168,0,Thursday,cBXlbRbKwf4,C418 - Aria Math slowed down + reverb,Rekordea,False
363,433,604,1,Thursday,Kz4hXntxfWs,tiredminds - retire (final) [slowed + reverb],tiredminds,False
364,433,228,1,Thursday,3XqqkrJENB4,Cry - Cigarettes After Sex,Cigarettes After Sex,False
365,433,257,1,Thursday,4w59OhKY-A0,tiredminds - not my responsibility (instrumental) [slowed + reverb],tiredminds,False
366,433,218,1,Thursday,3G96kSeHoOg,Home - Resonance (Midwest Emo Version) [Slowed + Reverb],jacal,False
367,433,246,1,Thursday,dIt_eQCdYvM,yves tumor - limerence (instrumental + slowed),mvym,False
368,433,294,1,Thursday,Kb-PTIsdvXU,Arcade Fire Dimensions Slowed and Reverb.,GodSpeed,False
369,433,430,1,Thursday,1eVWVXJVyi0,willix - my little winter,dreamscape,False
370,433,185,1,Thursday,za1-xOP6ml8,aphrodite's help 🏛️ ❥,lâl ୨୧,False
371,433,197,1,Thursday,WJdqqVLdS8g,resonance - home [ultra slowed + reverb],spedupsl0w3d ☆,False
372,433,293,1,Thursday,t8WUGU5-a68,julie doiron - august 10 (slowed&reverb),ame 雨の中,False
373,433,219,1,Thursday,Y4XZHqJjxF8,Yume 2kki OST - Midnight Manor (Extended),Borby,False
374,433,641,1,Thursday,cvDvLP0EDy4,"Thorfinn ""Im empty"" x medasin - magic (slowed + reverb)",Diamond lion Pitcher,False
375,433,437,2,Thursday,iTCL8NJRkk4,how to never stop being sad - instrumental,jilly,False
376,433,174,2,Thursday,2nhqTZ89TN4,"leave - whirr   slowed, muffled, low quality",High With Phoenix,False
377,433,273,2,Thursday,yIMSQPvhTWE,duster - familiar fields (official video),duster,False
378,434,80122,0,Friday,q86g1aop6a8,Aphex Twin - Stone In Focus,Jack Assir,False
379,434,359,0,Friday,EPMSImeIeNY,#19,Aphex Twin - Topic,False
380,434,615,0,Friday,3tJ_PV_9ETo,Track 10,Lexcorp,False
381,434,123,0,Friday,3wj2FT4qzsM,dream pad edit,Lexcorp,False
382,434,91,0,Friday,4BzWL4pHm78,American Palace,Lexcorp,False
383,434,128,0,Friday,D0vWiR9RD6w,Track 6,Lexcorp,False
384,434,2393,1,Friday,rVHnfYAACgA,Your Obituary,1791,False
385,434,156,1,Friday,p0UTjSiXNp0,Quiet and Falling,Lena Raine - Topic,True
386,434,448,1,Friday,s1F7CVT0I7E,010 (edit),Lexcorp,False
387,434,91,1,Friday,M4eQ1F3jBa8,1700,Lexcorp,False
388,434,125,1,Friday,eERxMmksUDY,Track 8,Lexcorp,False
389,434,124,1,Friday,8cQB1hlfDRk,Track 7,Lexcorp,False
390,434,115,1,Friday,uPp2n5cFC68,alvedon - retire (final) (slowed + reverb),drown in fog,False
391,434,440,1,Friday,Nsv07AuY9k0,Radiohead - Everything In Its Right Place (slowed instrumental),picture.,False
392,434,9498,4,Friday,Kb-PTIsdvXU,Arcade Fire Dimensions Slowed and Reverb.,GodSpeed,False
393,434,4899,5,Friday,Kb-PTIsdvXU,Arcade Fire Dimensions Slowed and Reverb.,GodSpeed,False
394,434,333,5,Friday,bUMS8Ut9ybA,Zelda: Ocarina of Time Piano Medley (Extended) Nostalgia Edition,Erik C 'Piano Man',False
395,434,569,6,Friday,XIvLHjAm7N0,Vacations - On Your Own,VACATIONS,False
396,434,237,6,Friday,1b3gJbGtfGY,Vacations - Moving Out,VACATIONS,False
397,434,200,6,Friday,3moMHMhiq7c,The Marías - Ruthless,The Marías,False
398,434,250,6,Friday,zdfjCivNxGY,Beach Fossils - Down the Line (Official Video),BeachFossilsVEVO,False
399,434,158,6,Friday,p5bQFj6z5fo,Wallows - It's Only Right (Official Audio),Wallows,False
400,435,68421,1,Saturday,3tJ_PV_9ETo,Track 10,Lexcorp,False
401,435,123,1,Saturday,rVHnfYAACgA,Your Obituary,1791,False
402,435,156,1,Saturday,8cQB1hlfDRk,Track 7,Lexcorp,False
403,435,114,1,Saturday,Nsv07AuY9k0,Radiohead - Everything In Its Right Place (slowed instrumental),picture.,False
404,435,347,1,Saturday,s1F7CVT0I7E,010 (edit),Lexcorp,False
405,435,91,1,Saturday,p0UTjSiXNp0,Quiet and Falling,Lena Raine - Topic,True
406,435,448,1,Saturday,EPMSImeIeNY,#19,Aphex Twin - Topic,False
407,435,615,1,Saturday,D0vWiR9RD6w,Track 6,Lexcorp,False
408,435,161,1,Saturday,eERxMmksUDY,Track 8,Lexcorp,False
409,435,123,1,Saturday,3wj2FT4qzsM,dream pad edit,Lexcorp,False
410,435,91,1,Saturday,4BzWL4pHm78,American Palace,Lexcorp,False
411,435,128,2,Saturday,M4eQ1F3jBa8,1700,Lexcorp,False
412,435,125,2,Saturday,uPp2n5cFC68,alvedon - retire (final) (slowed + reverb),drown in fog,False
413,436,85959,1,Sunday,bErro3V93ok,Men I Trust - I Hope To Be Around (live),Men I Trust,False
414,436,210,1,Sunday,7K1WVFL8_oU,Men I Trust - Lucky Sue,Men I Trust,False
415,436,224,2,Sunday,CsOLDl6ZSpQ,The Marías - Talk to Her (Official Audio),The Marías,False
416,436,289,2,Sunday,WNR_xrXJpWo,hisohkah - school rooftop,1171dominoV2,False
417,436,1866,2,Sunday,3wj2FT4qzsM,dream pad edit,Lexcorp,False
418,436,1027,2,Sunday,s1F7CVT0I7E,010 (edit),Lexcorp,False
419,436,8,2,Sunday,4BzWL4pHm78,American Palace,Lexcorp,False
420,436,18,2,Sunday,M4eQ1F3jBa8,1700,Lexcorp,False
421,436,25,2,Sunday,D0vWiR9RD6w,Track 6,Lexcorp,False
422,436,2,2,Sunday,8cQB1hlfDRk,Track 7,Lexcorp,False
423,436,115,2,Sunday,eERxMmksUDY,Track 8,Lexcorp,False
424,436,124,3,Sunday,3tJ_PV_9ETo,Track 10,Lexcorp,False
425,436,122,3,Sunday,rVHnfYAACgA,Your Obituary,1791,False
426,436,373,3,Sunday,q86g1aop6a8,Aphex Twin - Stone In Focus,Jack Assir,False
427,436,611,3,Sunday,p0UTjSiXNp0,Quiet and Falling,Lena Raine - Topic,True
428,436,448,3,Sunday,uPp2n5cFC68,alvedon - retire (final) (slowed + reverb),drown in fog,False
429,436,440,3,Sunday,Nsv07AuY9k0,Radiohead - Everything In Its Right Place (slowed instrumental),picture.,False
430,436,348,3,Sunday,_MVdDU75YK4,Mirror Temple (Mirror Magic Mix),Release - Topic,False
431,436,147,3,Sunday,Kb-PTIsdvXU,Arcade Fire Dimensions Slowed and Reverb.,GodSpeed,False
432,436,431,3,Sunday,WiYb-Ul6VRs,Arcade Fire - dimensions (Slowed) Her,isle of stars,False
433,436,418,3,Sunday,lnIOHXLdniM,medasin - magic (slowed + reverb with paulstretch),drown in fog,False
434,436,719,4,Sunday,WhvdYjmMCo8,flawed mangoes - swimming (slowed&reverb),ame 雨の中,False
435,436,224,4,Sunday,wnaWXx2uFcg,vacations - telephones (slowed + reverb),silvergaze,False
436,436,258,4,Sunday,O3no-kL6loY,"catching flies - satisfied (slowed + reverb, paul stretched)",drown in fog,False
437,436,433,4,Sunday,XU8rNrTnIUE,Emile Mosseri - Jacob and the Stone [𝙨𝙡𝙤𝙬𝙚𝙙 + 𝙧𝙚𝙫𝙚𝙧𝙗 + 𝙚𝙭𝙩𝙚𝙣𝙙𝙚𝙙],Hendo,False
438,436,313,4,Sunday,fLg1MlHcQqU,thenian - you left me on suicide sunday,dreamscape,False
439,436,155,4,Sunday,71WuhwaZT2Y,spaceouters - fireflies,dreamscape,False
440,436,300,4,Sunday,pTzyGMacu5k,vowl. - taiyla,dreamscape,False
441,436,209,4,Sunday,P2u4G9IccCw,tilekid - you not the same (slowed),dreamscape,False
442,436,160,4,Sunday,UVnsbRMJs84,~ on the level - mac demarco (s l o w e d + reverb) ~,_.juicebox._,False
443,436,285,4,Sunday,gR3nlpwRTRA,øneheart x reidenshi - snowfall (slowed),dreamscape,False
444,436,150,4,Sunday,WHfJfL_pwOc,"you look lonely, i can fix that...",dreamscape,False
445,436,226,4,Sunday,KiHR_FJZxq8,analog_mannequin - milk cassette x.mp3 (slowed & reverb version 1),analog mannequin,False
446,436,242,4,Sunday,MK5fPnK4ae4,Sparks by Coldplay but it's 1:45am and it's been years....,"just a sad dude, really",False
447,436,247,5,Sunday,6lBSU6I7va8,The Sound of Myself - Disasterpeace Extended Version,Erim Fortin,False
448,436,233,5,Sunday,RBaL7fo6vxU,alvedon - retire (final),dreamscape,False
449,436,214,5,Sunday,HXVgUQ8cmEQ,scravz - everything ends eventually,dreamscape,False
450,436,202,5,Sunday,9LDy0sZ0vX8,tiredminds - futile devices [slowed + reverb],tiredminds,False
451,436,20,5,Sunday,KZrvnPOu5oU,lonnex - losing (slowed + reverb),dreamscape,False
452,436,428,5,Sunday,1P5BSm_oFJg,Lofi Girl - Snowman (Music Video),Lofi Girl,False
453,436,4624,6,Sunday,ETkLGGxMEgU,nuages - closer (slowed down),dreamscape,False
454,436,286,6,Sunday,M4eQ1F3jBa8,1700,Lexcorp,False
455,436,13782,10,Sunday,1q4WTyAlIj4,Kanye West - Never see me again remastered and finished,Cawthorn productions,False
456,436,251,10,Sunday,IxVuT8cgccM,Drake - Champagne Poetry (Audio),DrakeVEVO,False
457,436,397,10,Sunday,w3bKYrs1TH4,LUCKI - Alternative Outro (Lyrics),𝐑֎𝐇,False
458,436,281,10,Sunday,Rq_uSfvfrJw,Mac Miller - Congratulations feat. Bilal (No Intro),J,False
459,436,8,10,Sunday,pviZE1pK5ao,Drake - Paris Morton Music,Drake,False
460,436,239,10,Sunday,oKr9gDBd0qQ,Drake - Bahamas Promises (Audio),DrakeVEVO,False
461,436,13459,14,Sunday,r4l9bFqgMaQ,Frank Ocean - Nights,Blonded,False
462,437,2296,15,Sunday,cuSvWlj2VHQ,OUTRO,LUCKI - Topic,False
463,437,305,15,Sunday,H2t9aZQ3YKI,3D Outro,LUCKI - Topic,False
464,437,13406,19,Sunday,q86g1aop6a8,Aphex Twin - Stone In Focus,Jack Assir,False
465,437,4,19,Sunday,lnIOHXLdniM,medasin - magic (slowed + reverb with paulstretch),drown in fog,False
466,437,718,19,Sunday,p0UTjSiXNp0,Quiet and Falling,Lena Raine - Topic,True
467,437,449,19,Sunday,8cQB1hlfDRk,Track 7,Lexcorp,False
468,437,115,19,Sunday,rVHnfYAACgA,Your Obituary,1791,False
469,437,156,19,Sunday,s1F7CVT0I7E,010 (edit),Lexcorp,False
470,437,91,19,Sunday,3wj2FT4qzsM,dream pad edit,Lexcorp,False
471,437,91,19,Sunday,uPp2n5cFC68,alvedon - retire (final) (slowed + reverb),drown in fog,False
472,437,439,19,Sunday,4BzWL4pHm78,American Palace,Lexcorp,False
473,437,160,19,Sunday,Pswx6OQp1Ks,Destroyer Of Worlds,Ludwig Göransson - Topic,True
474,437,3,19,Sunday,uAyob6tTAUM,Trinity | Oppenheimer OST,Original Soundtrack,False
475,437,475,19,Sunday,inQgO0a6rGE,Fission | Oppenheimer OST,Original Soundtrack,False
476,437,279,19,Sunday,UWOGg5nXiaI,Where we're going - Hans Zimmer - Interstellar - (Slowed+Reverb),Solipsism,False
477,437,230,19,Sunday,7_fFrSRJY_Y,Oppenheimer: The Ultimate Soundtrack Mashup,PixelChef,False
478,437,365,20,Sunday,h5wXvBJMLaQ,Anakin's Suite but it's even more depressing,Jsco Music,False
479,437,30,20,Sunday,D0meVJwBUl0,Alternative Outro,LUCKI - Topic,True
480,437,289,20,Sunday,DUO_uZ_qbss,Champagne Poetry,Drake - Topic,False
481,437,337,20,Sunday,_ANWTKznExU,The Sound of Myself,Disasterpeace - Topic,False
482,437,30,20,Sunday,g1QobinRyaA,False Prophets,J. Cole - Topic,False
483,437,456,20,Sunday,9-XbXBq8cl8,"Sing About Me, I'm Dying Of Thirst",Release - Topic,True
484,437,724,20,Sunday,gNbj8InBpKU,Too Deep for the Intro,J. Cole - Topic,False
485,437,226,20,Sunday,lUKGzvQj4bI,Pound Cake / Paris Morton Music 2,Release - Topic,False
486,437,433,20,Sunday,Ke_UYfv_FN8,Everyday Hustle,Future - Topic,True
487,437,226,20,Sunday,67vr-3kpX3Q,Alright,Kendrick Lamar - Topic,False
488,437,220,20,Sunday,cFaiszxHRsM,CALLIGRAPHY,Saba - Topic,True
489,437,184,20,Sunday,zhY_0DoQCQs,Do Not Disturb,Drake - Topic,True
490,437,284,20,Sunday,Zbnv6sSFksc,Apparently,J. Cole - Topic,False
491,437,293,21,Sunday,0nF69UTw99E,Money Trees,Kendrick Lamar - Topic,False
492,437,597,21,Sunday,NswMyMbEBrQ,Perfectionist,Russ - Topic,False
493,437,11,21,Sunday,b2AcxL88DoI,The Game - 100 ft. Drake (Official Music Video),TheGameVEVO,False
494,437,580,21,Sunday,EfGOqrXcm_Y,Drake - Club Paradise,Drake,False
495,437,285,21,Sunday,nhNqbe6QENY,"GoldLink - Crew (Official Video) ft. Brent Faiyaz, Shy Glizzy",GoldLinkVEVO,False
496,437,199,21,Sunday,eUUuI--jAlM,"Dreamville - Under The Sun ft. J. Cole, DaBaby, Lute (Official Music Video)",Dreamville,False
497,437,199,21,Sunday,b8m9zhNAgKs,Rae Sremmurd - Black Beatles ft. Gucci Mane (Official Video),RaeSremmurdVEVO,False
498,437,517,21,Sunday,DmWWqogr_r8,21 Savage - a lot (Official Video) ft. J. Cole,21SavageVEVO,False
499,437,462,21,Sunday,KLNPBGWtKg4,Saba - BROKEN GIRLS (Official Audio),Saba Pivot,False
500,437,9,21,Sunday,bHDWrnlIqfQ,Yeat - Poppin (Official Music Video),Lyrical Lemonade,False
501,437,120,21,Sunday,JQEr_8NrfTY,Lil Tecca - Show Me Up (Official Video),Lil Tecca,False
502,437,170,21,Sunday,OGZiV1AxS0I,SLAVE - UNOTHEACTIVIST (OFFICIAL AUDIO),UnoTheActivist,False
503,437,153,21,Sunday,bd5l5NtzoWc,Gët Busy [Official Music Video],Yeat,False
504,437,163,22,Sunday,8DB3V-pW75E,"Playboi Carti-"" 9 AM in Calabasas remix""(prod by Adrian)",Adrian,False
505,438,83054,21,Monday,uAyob6tTAUM,Trinity | Oppenheimer OST,Original Soundtrack,False
506,438,474,21,Monday,mnN8r63DN9k,Can You Hear The Music? - Oppenheimer (s l o w e d + r e v e r b),Joris Cin'echo,False
507,438,177,21,Monday,0KOZ3VbPB0k,"Purpose Is Glorious (From ""Loki: Season 2 - Vol. 2 (Episodes 4-6)""/Score/Audio Only)",MarvelMusicVEVO,False
508,438,597,21,Monday,iHzuygQd3do,Aphex Twin - #19 (Official Audio),Aphex Twin,False
509,438,614,21,Monday,YIxh0Kq33CU,"""Our time...has pretty much passed."" x Ethereal (Txmy)",badsun,False
510,438,78,21,Monday,uNCGM7FJ8wQ,Alpha,Daniel Rosenfeld - Topic,True
511,438,939,21,Monday,KOIEo_74L-Q,Aria Math,Daniel Rosenfeld - Topic,True
512,438,310,21,Monday,j_CSglLbGns,This Time Is Different,Lifeformed - Topic,True
513,440,152827,16,Wednesday,uNCGM7FJ8wQ,Alpha,Daniel Rosenfeld - Topic,True
514,440,603,16,Wednesday,FMJoOTOBcwE,Aerie,Lena Raine - Topic,True
515,440,297,16,Wednesday,_3ngiSxVCBs,Sweden,Daniel Rosenfeld - Topic,False
516,440,216,16,Wednesday,prEIh1r-4Og,losing,Lonnex - Topic,False
517,440,359,16,Wednesday,9ytiyD_QA2s,magic,Medasin - Topic,True
518,440,357,16,Wednesday,cp1MDuIsLxk,deep dreams,Insensible - Topic,False
519,440,692,17,Wednesday,b0d8sSmZqzs,Trinity,Ludwig Göransson - Topic,True
520,440,574,17,Wednesday,jNrJT6lL9J4,https://music.youtube.com/watch?v=jNrJT6lL9J4,,False
521,440,53,17,Wednesday,Dr--8eWCWe8,Dramamine (Slowed),Killswitch Memories - Topic,False
522,440,2,17,Wednesday,TaXlw0OmSOg,Bromeliad,Aaron Cherof - Topic,False
523,440,5,17,Wednesday,uAyob6tTAUM,Trinity | Oppenheimer OST,Original Soundtrack,False
524,440,474,17,Wednesday,2sHbd6tFUwI,Quantum Mechanics | Oppenheimer OST,Original Soundtrack,False
525,440,181,17,Wednesday,MVnSFj6XQZY,"Hereditary Soundtrack - ""Reborn"" - Colin Stetson",Milan Records USA,False
526,440,82,17,Wednesday,THhjjnsgFlE,Interstellar Main Theme - Extended Version 🎶 Gargantua 🎼| GIF | 4K Wonder Music @HansZimmer,Wonder Music,False
527,440,9025,20,Wednesday,ezAn-HMakEs,Para Machuchar Meu Coracao,Stan Getz - Topic,True
528,440,307,20,Wednesday,V0is-RpQHAg,"L'amore dice ciao Slow Take (From ""La Matriarca - The Libertine"")",Armando Trovajoli - Topic,False
529,440,258,20,Wednesday,pWI0Hi8q1II,Easy Lovers (Remastered),Piero Piccioni - Topic,False
530,440,230,20,Wednesday,zxgKO0mrtks,Sabiá,Antonio Carlos Jobim - Topic,True
531,440,199,20,Wednesday,oqHONL-LZ58,Desafinado,Stan Getz - Topic,False
532,440,256,20,Wednesday,kBbnPzFcty8,deep in it,berlioz - Topic,True
533,440,155,20,Wednesday,fI8eIOCerZw,Ebb Tide,Ben Flocks - Topic,False
534,440,186,20,Wednesday,QNBO7wIU3yI,Chove Chuva,Jorge Ben Jor - Topic,False
535,440,184,20,Wednesday,o030gnrObzo,Samba Cantina,Release - Topic,False
536,440,340,20,Wednesday,g2P_OupxkB8,Águas de Março,Antonio Carlos Jobim - Topic,False
537,440,216,20,Wednesday,38CRu1rCaKg,Caravan,John Wasson - Topic,False
538,440,555,20,Wednesday,_ZRJrAHprBM,I Fall In Love Too Easily,Chet Baker - Topic,False
539,440,120,20,Wednesday,gJ9SvXXgnE0,I Still Can't Sleep / The Cannot Touch Her (Betsy's Theme),Bernard Herrmann - Topic,False
540,440,275,20,Wednesday,tlp8iY4g--4,Chega De Saudade,Antonio Carlos Jobim - Topic,False
541,440,233,21,Wednesday,o-Tvw6PniEU,Dedicada a ela,Arthur Verocai - Topic,False
542,440,214,21,Wednesday,JiP7jKdAhD0,In A Sentimental Mood,Duke Ellington - Topic,False
543,440,255,21,Wednesday,cE2fuGmVv1Q,Moonlight Serenade,Beegie Adair - Topic,False
544,440,216,21,Wednesday,JGqzKmp_5Bg,Wave,Antonio Carlos Jobim - Topic,False
545,440,177,21,Wednesday,iznw-YkikLo,Blue In Green,Lee Davis - Topic,False
546,440,242,21,Wednesday,GkYcFV7qkyk,Preciso Me Encontrar,Cartola - Topic,False
547,440,49,21,Wednesday,3t3UnFSe8zI,Trippie Redd x Playboi Carti - Miss The Rage [Extended + Reverse Intro] (slowed + 639Hz + reverb),eternal!,False
548,441,75207,18,Thursday,3wj2FT4qzsM,dream pad edit,Lexcorp,False
549,441,91,18,Thursday,4BzWL4pHm78,American Palace,Lexcorp,False
550,441,127,18,Thursday,M4eQ1F3jBa8,1700,Lexcorp,False
551,441,125,18,Thursday,D0vWiR9RD6w,Track 6,Lexcorp,False
552,441,160,18,Thursday,8cQB1hlfDRk,Track 7,Lexcorp,False
553,441,115,18,Thursday,eERxMmksUDY,Track 8,Lexcorp,False
554,441,124,18,Thursday,3tJ_PV_9ETo,Track 10,Lexcorp,False
555,441,122,18,Thursday,rVHnfYAACgA,Your Obituary,1791,False
556,441,1810,18,Thursday,q86g1aop6a8,Aphex Twin - Stone In Focus,Jack Assir,False
557,441,23380,1,Friday,s1F7CVT0I7E,010 (edit),Lexcorp,False
558,442,56008,17,Friday,9Rc5BzgKQmg,Brutal Honesty,Glokk40Spaz - Topic,False
559,442,855,17,Friday,_uGvzDKgHpo,Bad Man,Glokk40Spaz - Topic,True
560,445,254369,15,Monday,s1F7CVT0I7E,010 (edit),Lexcorp,False
561,445,893,16,Monday,D0vWiR9RD6w,Track 6,Lexcorp,False
562,445,160,16,Monday,lnIOHXLdniM,medasin - magic (slowed + reverb with paulstretch),drown in fog,False
563,445,718,16,Monday,Nsv07AuY9k0,Radiohead - Everything In Its Right Place (slowed instrumental),picture.,False
564,445,347,16,Monday,p0UTjSiXNp0,Quiet and Falling,Lena Raine - Topic,True
565,445,448,16,Monday,8cQB1hlfDRk,Track 7,Lexcorp,False
566,445,1739,17,Monday,rVHnfYAACgA,Your Obituary,1791,False
567,445,156,17,Monday,3tJ_PV_9ETo,Track 10,Lexcorp,False
568,445,122,17,Monday,M4eQ1F3jBa8,1700,Lexcorp,False
569,445,125,17,Monday,uPp2n5cFC68,alvedon - retire (final) (slowed + reverb),drown in fog,False
570,445,650,17,Monday,EPMSImeIeNY,#19,Aphex Twin - Topic,False
571,445,615,17,Monday,4BzWL4pHm78,American Palace,Lexcorp,False
572,445,128,17,Monday,3wj2FT4qzsM,dream pad edit,Lexcorp,False
573,446,83541,16,Tuesday,D0vWiR9RD6w,Track 6,Lexcorp,False
574,446,160,16,Tuesday,8cQB1hlfDRk,Track 7,Lexcorp,False
575,446,115,16,Tuesday,eERxMmksUDY,Track 8,Lexcorp,False
576,446,123,16,Tuesday,3tJ_PV_9ETo,Track 10,Lexcorp,False
577,446,122,16,Tuesday,rVHnfYAACgA,Your Obituary,1791,False
578,446,597,17,Tuesday,q86g1aop6a8,Aphex Twin - Stone In Focus,Jack Assir,False
579,446,611,17,Tuesday,p0UTjSiXNp0,Quiet and Falling,Lena Raine - Topic,True
580,446,448,17,Tuesday,uPp2n5cFC68,alvedon - retire (final) (slowed + reverb),drown in fog,False
581,446,440,17,Tuesday,Nsv07AuY9k0,Radiohead - Everything In Its Right Place (slowed instrumental),picture.,False
582,446,347,17,Tuesday,lnIOHXLdniM,medasin - magic (slowed + reverb with paulstretch),drown in fog,False
583,446,718,17,Tuesday,s1F7CVT0I7E,010 (edit),Lexcorp,False
584,446,91,17,Tuesday,3wj2FT4qzsM,dream pad edit,Lexcorp,False
585,446,91,17,Tuesday,4BzWL4pHm78,American Palace,Lexcorp,False
586,446,128,17,Tuesday,M4eQ1F3jBa8,1700,Lexcorp,False
587,447,79123,15,Wednesday,uAyob6tTAUM,Trinity | Oppenheimer OST,Original Soundtrack,False
588,447,26,15,Wednesday,b0d8sSmZqzs,Trinity,Ludwig Göransson - Topic,True
589,447,473,16,Wednesday,Z93gSAyWjtQ,Meeting Kitty,Ludwig Göransson - Topic,False
590,447,347,16,Wednesday,xBkXDczuu3U,Theorists,Ludwig Göransson - Topic,False
591,447,194,16,Wednesday,VBCr6UVacz8,Power Stays In The Shadows,Ludwig Göransson - Topic,True
592,447,457,16,Wednesday,RocrMotFT4c,The Trial,Ludwig Göransson - Topic,False
593,447,333,16,Wednesday,LtmFUgI6zEE,Dr. Hill,Ludwig Göransson - Topic,False
594,447,263,16,Wednesday,UysO8R1vqA8,American Prometheus,Ludwig Göransson - Topic,False
595,447,157,16,Wednesday,X-jOQkXJuIw,A Lowly Shoe Salesman,Ludwig Göransson - Topic,True
596,447,214,16,Wednesday,nNiHetq8-bg,Los Alamos,Ludwig Göransson - Topic,False
597,447,159,16,Wednesday,uADCo0308Kk,Colonel Pash,Ludwig Göransson - Topic,True
598,447,298,16,Wednesday,oOhpTxcUxy0,Ground Zero,Ludwig Göransson - Topic,True
599,447,261,16,Wednesday,pCEVj0nV7M8,Atmospheric Ignition,Ludwig Göransson - Topic,False
600,447,209,16,Wednesday,aedBzDZuTVA,What We Have Done,Ludwig Göransson - Topic,False
601,447,346,16,Wednesday,8TLR-TTXDY8,Quantum Mechanics,Ludwig Göransson - Topic,False
602,447,180,16,Wednesday,j11Nm4i4XbI,Oppenheimer,Ludwig Göransson - Topic,False
603,447,137,17,Wednesday,Pswx6OQp1Ks,Destroyer Of Worlds,Ludwig Göransson - Topic,True
604,447,410,17,Wednesday,FGCdurLEgsk,Kitty Comes To Testify,Ludwig Göransson - Topic,False
605,447,293,17,Wednesday,vx7S3v7u7jY,Fission,Ludwig Göransson - Topic,True
606,447,279,17,Wednesday,Ee-bpPsUeto,Manhattan Project,Ludwig Göransson - Topic,False
607,447,181,17,Wednesday,4JZ-o3iAJv4,Can You Hear The Music,Ludwig Göransson - Topic,False
608,447,110,17,Wednesday,YqfbDisiAQo,Groves,Ludwig Göransson - Topic,True
609,447,283,17,Wednesday,oGyQwSwMI94,Gravity Swallows Light,Ludwig Göransson - Topic,True
610,447,2597,18,Wednesday,Kb-PTIsdvXU,Arcade Fire Dimensions Slowed and Reverb.,GodSpeed,False
611,447,3,18,Wednesday,XU8rNrTnIUE,Emile Mosseri - Jacob and the Stone [𝙨𝙡𝙤𝙬𝙚𝙙 + 𝙧𝙚𝙫𝙚𝙧𝙗 + 𝙚𝙭𝙩𝙚𝙣𝙙𝙚𝙙],Hendo,False
612,447,1818,18,Wednesday,uNCGM7FJ8wQ,Alpha,Daniel Rosenfeld - Topic,True
613,447,26910,2,Thursday,lVlSVRGk3Wc,𝙎𝙖𝙡𝙫𝙞𝙖 𝙋𝙖𝙡𝙩𝙝 - 𝘿𝙧𝙚𝙖𝙢 | 1 𝙝𝙤𝙪𝙧 𝙡𝙤𝙤𝙥,R e m a u r,False
614,447,3397,3,Thursday,g8ryOVq7ano,salvia palth - (dream) slowed + reverb,leetcrew,False
615,447,2922,3,Thursday,8Mm3AJNE-jQ,Alex G - Pretend,block perce,False
616,447,2881,4,Thursday,8Mm3AJNE-jQ,Alex G - Pretend,block perce,False
617,449,126668,15,Friday,8Mm3AJNE-jQ,Alex G - Pretend,block perce,False
618,449,118,15,Friday,s1F7CVT0I7E,010 (edit),Lexcorp,False
619,449,779,16,Friday,8cQB1hlfDRk,Track 7,Lexcorp,False
620,449,385,16,Friday,D0vWiR9RD6w,Track 6,Lexcorp,False
621,449,12,16,Friday,3tJ_PV_9ETo,Track 10,Lexcorp,False
622,449,22,16,Friday,oGyQwSwMI94,Gravity Swallows Light,Ludwig Göransson - Topic,True
623,449,210,16,Friday,oOhpTxcUxy0,Ground Zero,Ludwig Göransson - Topic,True
624,449,262,16,Friday,4JZ-o3iAJv4,Can You Hear The Music,Ludwig Göransson - Topic,False
625,449,7,16,Friday,VBCr6UVacz8,Power Stays In The Shadows,Ludwig Göransson - Topic,True
626,449,251,16,Friday,uADCo0308Kk,Colonel Pash,Ludwig Göransson - Topic,True
627,449,297,16,Friday,j11Nm4i4XbI,Oppenheimer,Ludwig Göransson - Topic,False
628,449,137,16,Friday,Ee-bpPsUeto,Manhattan Project,Ludwig Göransson - Topic,False
629,449,181,16,Friday,LtmFUgI6zEE,Dr. Hill,Ludwig Göransson - Topic,False
630,449,264,16,Friday,aedBzDZuTVA,What We Have Done,Ludwig Göransson - Topic,False
631,449,642,16,Friday,xBkXDczuu3U,Theorists,Ludwig Göransson - Topic,False
632,449,195,16,Friday,pCEVj0nV7M8,Atmospheric Ignition,Ludwig Göransson - Topic,False
633,449,209,16,Friday,nNiHetq8-bg,Los Alamos,Ludwig Göransson - Topic,False
634,449,159,17,Friday,FGCdurLEgsk,Kitty Comes To Testify,Ludwig Göransson - Topic,False
635,449,210,17,Friday,8TLR-TTXDY8,Quantum Mechanics,Ludwig Göransson - Topic,False
636,449,394,17,Friday,-U4VnWX1ZD4,Fusion,Ludwig Göransson - Topic,True
637,449,235,17,Friday,b0d8sSmZqzs,Trinity,Ludwig Göransson - Topic,True
638,449,473,17,Friday,Pswx6OQp1Ks,Destroyer Of Worlds,Ludwig Göransson - Topic,True
639,449,175,17,Friday,OqY3kbQEMZI,Something More Important,Ludwig Göransson - Topic,True
640,449,206,17,Friday,Z93gSAyWjtQ,Meeting Kitty,Ludwig Göransson - Topic,False
641,449,348,17,Friday,RocrMotFT4c,The Trial,Ludwig Göransson - Topic,False
642,449,168,17,Friday,_2n_ajSh_uo,Jx.Zero - Playboy (Official Music Video),Jx Zero,False
643,449,154,17,Friday,cX24KlL8klY,bando (prod.ta2cute x yugen),ta2cute,False
644,449,9,17,Friday,kDJhBSmji6Y,Lil Tecca - Amigo (Official Audio),Lil Tecca,False
645,449,13,17,Friday,DmWWqogr_r8,21 Savage - a lot (Official Video) ft. J. Cole,21SavageVEVO,False
646,449,395,17,Friday,xDmb610okx0,"21 Savage, Doja Cat - n.h.i.e. (Official Audio)",21SavageVEVO,False
647,449,80,17,Friday,WILNIXZr2oc,J. Cole - MIDDLE CHILD,JColeVEVO,False
648,449,20,17,Friday,1WL1oVWFBbM,miss me - TREFUEGO (ig: ismokefuego),TREFUEGO,False
649,452,256180,17,Monday,X-jOQkXJuIw,A Lowly Shoe Salesman,Ludwig Göransson - Topic,True
650,452,2065,17,Monday,8TLR-TTXDY8,Quantum Mechanics,Ludwig Göransson - Topic,False
651,452,180,17,Monday,4JZ-o3iAJv4,Can You Hear The Music,Ludwig Göransson - Topic,False
652,452,2740,18,Monday,vx7S3v7u7jY,Fission,Ludwig Göransson - Topic,True
653,452,10137,21,Monday,oGyQwSwMI94,Gravity Swallows Light,Ludwig Göransson - Topic,True
654,452,211,21,Monday,Z93gSAyWjtQ,Meeting Kitty,Ludwig Göransson - Topic,False
655,452,272,21,Monday,YqfbDisiAQo,Groves,Ludwig Göransson - Topic,True
656,452,2,21,Monday,Ee-bpPsUeto,Manhattan Project,Ludwig Göransson - Topic,False
657,452,181,21,Monday,UysO8R1vqA8,American Prometheus,Ludwig Göransson - Topic,False
658,452,157,21,Monday,pCEVj0nV7M8,Atmospheric Ignition,Ludwig Göransson - Topic,False
659,452,209,21,Monday,nNiHetq8-bg,Los Alamos,Ludwig Göransson - Topic,False
660,452,159,21,Monday,-U4VnWX1ZD4,Fusion,Ludwig Göransson - Topic,True
661,452,235,21,Monday,uADCo0308Kk,Colonel Pash,Ludwig Göransson - Topic,True
662,452,297,21,Monday,xBkXDczuu3U,Theorists,Ludwig Göransson - Topic,False
663,452,195,21,Monday,oOhpTxcUxy0,Ground Zero,Ludwig Göransson - Topic,True
664,452,261,21,Monday,b0d8sSmZqzs,Trinity,Ludwig Göransson - Topic,True
665,452,473,21,Monday,aedBzDZuTVA,What We Have Done,Ludwig Göransson - Topic,False
666,452,346,22,Monday,VBCr6UVacz8,Power Stays In The Shadows,Ludwig Göransson - Topic,True
667,452,250,22,Monday,RocrMotFT4c,The Trial,Ludwig Göransson - Topic,False
668,452,333,22,Monday,LtmFUgI6zEE,Dr. Hill,Ludwig Göransson - Topic,False
669,452,263,22,Monday,FGCdurLEgsk,Kitty Comes To Testify,Ludwig Göransson - Topic,False
670,452,293,22,Monday,OqY3kbQEMZI,Something More Important,Ludwig Göransson - Topic,True
671,452,205,22,Monday,Pswx6OQp1Ks,Destroyer Of Worlds,Ludwig Göransson - Topic,True
672,452,175,22,Monday,j11Nm4i4XbI,Oppenheimer,Ludwig Göransson - Topic,False
673,452,138,22,Monday,RjXGral96HM,Welcome Home,Nadav Cohen - Topic,False
674,452,187,22,Monday,z7vZeHX3WcY,Kaleidoscope,Adrián Berenguer - Topic,False
675,452,184,22,Monday,arNkB9vxS3Q,Mountains,Hans Zimmer - Topic,False
676,452,219,22,Monday,nIBzn43vDPI,"Andante Con Moto - Piano and Strings - ""Vaulter""",Nicholas Britell - Topic,False
677,452,27,22,Monday,s1F7CVT0I7E,010 (edit),Lexcorp,False
678,452,91,22,Monday,3wj2FT4qzsM,dream pad edit,Lexcorp,False
679,452,91,22,Monday,4BzWL4pHm78,American Palace,Lexcorp,False
680,452,128,22,Monday,M4eQ1F3jBa8,1700,Lexcorp,False
681,452,124,22,Monday,D0vWiR9RD6w,Track 6,Lexcorp,False
682,452,204,22,Monday,8cQB1hlfDRk,Track 7,Lexcorp,False
683,452,114,22,Monday,eERxMmksUDY,Track 8,Lexcorp,False
684,452,124,22,Monday,3tJ_PV_9ETo,Track 10,Lexcorp,False
685,452,123,22,Monday,rVHnfYAACgA,Your Obituary,1791,False
686,453,64415,16,Tuesday,s1F7CVT0I7E,010 (edit),Lexcorp,False
687,453,90,16,Tuesday,3wj2FT4qzsM,dream pad edit,Lexcorp,False
688,453,91,16,Tuesday,4BzWL4pHm78,American Palace,Lexcorp,False
689,453,128,16,Tuesday,M4eQ1F3jBa8,1700,Lexcorp,False
690,453,125,16,Tuesday,D0vWiR9RD6w,Track 6,Lexcorp,False
691,453,160,17,Tuesday,8cQB1hlfDRk,Track 7,Lexcorp,False
692,453,1479,17,Tuesday,eERxMmksUDY,Track 8,Lexcorp,False
693,453,108,17,Tuesday,3tJ_PV_9ETo,Track 10,Lexcorp,False
694,453,122,17,Tuesday,rVHnfYAACgA,Your Obituary,1791,False
695,453,1410,17,Tuesday,q86g1aop6a8,Aphex Twin - Stone In Focus,Jack Assir,False
696,453,21469,23,Tuesday,oGyQwSwMI94,Gravity Swallows Light,Ludwig Göransson - Topic,True
697,453,410,23,Tuesday,uADCo0308Kk,Colonel Pash,Ludwig Göransson - Topic,True
698,453,210,0,Wednesday,vx7S3v7u7jY,Fission,Ludwig Göransson - Topic,True
699,453,86,0,Wednesday,YqfbDisiAQo,Groves,Ludwig Göransson - Topic,True
700,453,25,0,Wednesday,uUnOL6T3FN0,The Social Network (2010) - Full Expanded soundtrack (Trent Reznor & Atticus Ross),DarthSoundtrack,False
701,453,1359,0,Wednesday,yaztFAh23vs,"Hand Covers Bruise, Reprise (HD) - From the Soundtrack to ""The Social Network""",CookieAdventures,False
702,453,5,0,Wednesday,b_ajArNJmjY,"Magnetic (HD) - From the Soundtrack to ""The Social Network""",CookieAdventures,False
703,453,154,0,Wednesday,tTB6HmZNJ5s,"Painted Sun in Abstract (HD) - From the Soundtrack to ""The Social Network""",CookieAdventures,False
704,453,183,0,Wednesday,dEWIngn2_eM,"It Catches Up With You (HD) - From the Soundtrack to ""The Social Network""",CookieAdventures,False
705,453,107,0,Wednesday,67C6EHUxeG4,"On We March (HD) - From the Soundtrack to ""The Social Network""",CookieAdventures,False
706,453,8,0,Wednesday,-oThJ94PIRc,"Carbon Prevails (HD) - From the Soundtrack to ""The Social Network""",CookieAdventures,False
707,453,27,0,Wednesday,cD8EPdn5Ctg,"In the Hall of the Mountain King (HD) - From the Soundtrack to ""The Social Network""",CookieAdventures,False
708,453,5,0,Wednesday,2vvs4__2XRI,"Intriguing Possibilities (HD) - From the Soundtrack to ""The Social Network""",CookieAdventures,False
709,453,2,0,Wednesday,9SBNCYkSceU,"Hand Covers Bruise (HD) - From the Soundtrack to ""The Social Network""",CookieAdventures,False
710,453,1,0,Wednesday,q_QwBJdzPT8,"Penetration (HD) - From the Soundtrack to ""The Social Network""",CookieAdventures,False
711,453,2,0,Wednesday,XnkQfyeHiK8,"Eventually We Find Our Own Way (HD) - From the Soundtrack to ""The Social Network""",CookieAdventures,False
712,453,5,0,Wednesday,YJQfUvBPqtw,"The Gentle Hum of Anxiety (HD) - From the Soundtrack to ""The Social Network""",CookieAdventures,False
713,453,238,0,Wednesday,x5faT66jmG4,"In Motion (HD) - From the Soundtrack to ""The Social Network""",CookieAdventures,False
714,453,302,0,Wednesday,SK7V5TXhj-g,"Almost Home (HD) - From the Soundtrack to ""The Social Network""",CookieAdventures,False
715,453,220,0,Wednesday,7Qqpp09qWGo,"Pieces Form the Whole (HD) - From the Soundtrack to ""The Social Network""",CookieAdventures,False
716,453,271,0,Wednesday,oU4ZbLzaqRI,"Complication with Optimistic Outcome (HD) - From the Soundtrack to ""The Social Network""",CookieAdventures,False
717,453,207,0,Wednesday,XlAKW_tr4xA,"Soft Trees Break the Fall (HD) - From the Soundtrack to ""The Social Network""",CookieAdventures,False
718,453,285,0,Wednesday,Ho6HRBPOgM0,"A Familier Taste (HD) - From the Soundtrack to ""The Social Network""",CookieAdventures,False
719,453,221,1,Wednesday,lfpxuJbVaBA,"3:14 Every Night (HD) - From the Soundtrack to ""The Social Network""",CookieAdventures,False
720,453,10,1,Wednesday,Kb-PTIsdvXU,Arcade Fire Dimensions Slowed and Reverb.,GodSpeed,False
721,453,13,1,Wednesday,b0d8sSmZqzs,Trinity,Ludwig Göransson - Topic,True
722,453,473,1,Wednesday,aedBzDZuTVA,What We Have Done,Ludwig Göransson - Topic,False
723,453,345,1,Wednesday,VBCr6UVacz8,Power Stays In The Shadows,Ludwig Göransson - Topic,True
724,453,251,1,Wednesday,RocrMotFT4c,The Trial,Ludwig Göransson - Topic,False
725,453,333,1,Wednesday,LtmFUgI6zEE,Dr. Hill,Ludwig Göransson - Topic,False
726,453,263,1,Wednesday,FGCdurLEgsk,Kitty Comes To Testify,Ludwig Göransson - Topic,False
727,453,293,1,Wednesday,OqY3kbQEMZI,Something More Important,Ludwig Göransson - Topic,True
728,453,206,1,Wednesday,Pswx6OQp1Ks,Destroyer Of Worlds,Ludwig Göransson - Topic,True
729,454,53796,16,Wednesday,Pswx6OQp1Ks,Destroyer Of Worlds,Ludwig Göransson - Topic,True
730,454,176,16,Wednesday,j11Nm4i4XbI,Oppenheimer,Ludwig Göransson - Topic,False
731,454,136,16,Wednesday,36oNtD_fknk,Stratosphere Voyage,Spirits Of Our Dreams - Topic,False
732,454,18,16,Wednesday,vx7S3v7u7jY,Fission,Ludwig Göransson - Topic,True
733,454,43,16,Wednesday,oU4ZbLzaqRI,"Complication with Optimistic Outcome (HD) - From the Soundtrack to ""The Social Network""",CookieAdventures,False
734,454,207,16,Wednesday,b_ajArNJmjY,"Magnetic (HD) - From the Soundtrack to ""The Social Network""",CookieAdventures,False
735,454,47,16,Wednesday,2vvs4__2XRI,"Intriguing Possibilities (HD) - From the Soundtrack to ""The Social Network""",CookieAdventures,False
736,454,271,16,Wednesday,tTB6HmZNJ5s,"Painted Sun in Abstract (HD) - From the Soundtrack to ""The Social Network""",CookieAdventures,False
737,454,217,16,Wednesday,lfpxuJbVaBA,"3:14 Every Night (HD) - From the Soundtrack to ""The Social Network""",CookieAdventures,False
738,454,20,16,Wednesday,uNCGM7FJ8wQ,Alpha,Daniel Rosenfeld - Topic,True
739,454,603,17,Wednesday,KOIEo_74L-Q,Aria Math,Daniel Rosenfeld - Topic,True
740,454,310,17,Wednesday,j_CSglLbGns,This Time Is Different,Lifeformed - Topic,True
741,454,15,17,Wednesday,8Mm3AJNE-jQ,Alex G - Pretend,block perce,False
742,454,362,17,Wednesday,fEP-i0iFi4I,Pretend - Alex G (Tradução),luana ,False
743,454,300,17,Wednesday,r7w14ZYz2H0,Satie: Je te veux,Dalton Baldwin - Topic,False
744,454,16,17,Wednesday,r1J_lxbaQxQ,Je te veux,Klara Kormendi - Topic,False
745,454,269,17,Wednesday,5X0fa7Nd5oY,"Chopin: Nocturne No. 2, Op. 9 in E-Flat major",Pianophonica - Topic,False
746,454,300,17,Wednesday,KMuJSI8WbaQ,"Chopin: Waltz in C sharp minor, Op. 64 No. 2",Ólafur Järvinen - Topic,False
747,454,253,17,Wednesday,h9k137ORL1U,"Nocturne in C-Sharp Minor, Op. 27, No. 1: Nocturne No. 7",Peter Schmalfuss - Topic,False
748,454,4274,18,Wednesday,kBbnPzFcty8,deep in it,berlioz - Topic,True
749,454,2305,19,Wednesday,LVBnWA04Xvw,wash my sins away,berlioz - Topic,False
750,454,232,19,Wednesday,FLUn8IXBBX4,deep in it,berlioz - Topic,False
751,454,155,19,Wednesday,EDj3Kgrx0Zo,jazz is for ordinary people,berlioz - Topic,False
752,454,164,19,Wednesday,RLqo708UjTw,r&r,berlioz - Topic,False
753,454,20,19,Wednesday,Ln-D9gsk_m4,hot house,berlioz - Topic,False
754,454,121,19,Wednesday,Nsv07AuY9k0,Radiohead - Everything In Its Right Place (slowed instrumental),picture.,False
755,454,347,19,Wednesday,lnIOHXLdniM,medasin - magic (slowed + reverb with paulstretch),drown in fog,False
756,454,718,19,Wednesday,s1F7CVT0I7E,010 (edit),Lexcorp,False
757,454,91,19,Wednesday,3wj2FT4qzsM,dream pad edit,Lexcorp,False
758,454,91,19,Wednesday,4BzWL4pHm78,American Palace,Lexcorp,False
759,455,82940,18,Thursday,EDj3Kgrx0Zo,jazz is for ordinary people,berlioz - Topic,False
760,455,164,19,Thursday,Ln-D9gsk_m4,hot house,berlioz - Topic,False
761,455,157,19,Thursday,FLUn8IXBBX4,deep in it,berlioz - Topic,False
762,455,155,19,Thursday,RLqo708UjTw,r&r,berlioz - Topic,False
763,455,56,19,Thursday,z2OLa3Nc38k,Glokk40Spaz - Swamp (Official Music Video) [Dir.ArkiveTrent + MaxPain] [Prod.Four3va + GeeQ],GL4 Spaz,False
764,455,124,19,Thursday,7-QK_1oHoiQ,LUCKI - MORE THAN EVER [Official Music Video],LUCKI,False
765,455,164,19,Thursday,0jP52tqcwZU,Glokk40Spaz - Lemme Be Ya Plug (Official Music Video) [Dir.QVSYOU],GL4 Spaz,False
766,455,165,19,Thursday,QTmRmPDS9tw,Destroy Lonely - NOSTYLIST (Official Video),Destroy Lonely,False
767,455,182,19,Thursday,bd5l5NtzoWc,Gët Busy [Official Music Video],Yeat,False
768,455,163,19,Thursday,pO2iiBEmwL4,Kankan (Ft. Summrs) - ##RRAnthem,Kankan,False
769,455,181,19,Thursday,39XR4EXFz5Y,Playboi Carti - Location (Audio),PlayboiCartiVEVO,False
770,455,122,19,Thursday,Cl3htLU1NIQ,Glokk40Spaz - Perfect My Rob,GL4 Spaz,False
771,455,111,19,Thursday,efxiDBygvdg,Diplo - Wish (feat. Trippie Redd) (Official Music Video),Diplo,False
772,455,180,19,Thursday,ZX_mvoY_Hg0,Drake - Not You Too (Audio) ft. Chris Brown,DrakeVEVO,False
773,455,271,19,Thursday,AT9JoIv2kss,"A$AP Rocky - I Smoked Away My Brain (I'm God x Demons Mashup) (Audio) ft. Imogen Heap, Clams Casino",LIVELOVEASAPVEVO,False
774,455,192,19,Thursday,TGgcC5xg9YI,SEE YOU AGAIN featuring Kali Uchis,"Tyler, The Creator",False
775,455,346,19,Thursday,VF-FGf_ZZiI,Steve Lacy - Bad Habit (Official Video),SteveLacyVEVO,False
776,455,243,19,Thursday,76O3w4pt0CA,Miguel - Sky Walker (Official Video) ft. Travis Scott,MiguelVEVO,False
777,455,209,19,Thursday,_9bw_VtMUGA,"Tame Impala - New Person, Same Old Mistakes (Audio)",tameimpalaVEVO,False
778,455,3448,20,Thursday,jTTIEVQMYrg,Minecraft Nostalgia (Relaxing music) - Music,geo,False
779,455,61757,13,Friday,6lBSU6I7va8,The Sound of Myself - Disasterpeace Extended Version,Erim Fortin,False
780,455,232,14,Friday,O3no-kL6loY,"catching flies - satisfied (slowed + reverb, paul stretched)",drown in fog,False
781,456,3932,15,Friday,50UKqoiqf3k,retire (final) but youre in a liminal space,rxosy music,False
782,456,490,15,Friday,q86g1aop6a8,Aphex Twin - Stone In Focus,Jack Assir,False
783,456,3097,16,Friday,eERxMmksUDY,Track 8,Lexcorp,False
784,456,123,16,Friday,3wj2FT4qzsM,dream pad edit,Lexcorp,False
785,456,91,16,Friday,Nsv07AuY9k0,Radiohead - Everything In Its Right Place (slowed instrumental),picture.,False
786,456,19982,21,Friday,3tJ_PV_9ETo,Track 10,Lexcorp,False
787,456,123,21,Friday,D0vWiR9RD6w,Track 6,Lexcorp,False
788,456,160,21,Friday,s1F7CVT0I7E,010 (edit),Lexcorp,False
789,456,91,21,Friday,rVHnfYAACgA,Your Obituary,1791,False
790,456,156,21,Friday,EPMSImeIeNY,#19,Aphex Twin - Topic,False
791,456,615,22,Friday,lnIOHXLdniM,medasin - magic (slowed + reverb with paulstretch),drown in fog,False
792,456,718,22,Friday,uPp2n5cFC68,alvedon - retire (final) (slowed + reverb),drown in fog,False
793,456,439,22,Friday,M4eQ1F3jBa8,1700,Lexcorp,False
794,456,35,22,Friday,4BzWL4pHm78,American Palace,Lexcorp,False
795,456,13,22,Friday,8cQB1hlfDRk,Track 7,Lexcorp,False
796,456,2,22,Friday,p0UTjSiXNp0,Quiet and Falling,Lena Raine - Topic,True
797,456,221,22,Friday,_uGvzDKgHpo,Bad Man,Glokk40Spaz - Topic,True
798,456,169,22,Friday,gLPt1TGrBZ8,Club Paradise,Drake - Topic,False
799,456,148,22,Friday,TJUWO1-z--8,Glokk40Spaz - Joker (dir. @PublicGoatt),GL4 Spaz,False
800,456,167,22,Friday,6uuL43i-JQY,LUCKI - GOODFELLAS (Official Video),LUCKI,False
801,456,143,22,Friday,uu2hjPUJseU,Lil Tony Official - Money Music (Official Music Video) Shot By PublicGoat,Lil Tony Official,False
802,456,14,22,Friday,EIZWzBkXgcU,iayze - Mind Right / Dingaling [Lil Keed] (Official Music Video),Jace!,False
803,456,151,22,Friday,pdJn-LtuWMw,Glokk40Spaz - 2 Love 2 Da Mob (Official Music Video) [Dir.Vanity] [Prod.Ok],GL4 Spaz,False
804,456,177,22,Friday,-1TjqZC3TXo,Summrs- Marble Floors (Official Music Video),summrs,False
805,456,236,22,Friday,fAg9iVOM85Q,Kankan - Nun To Me (Official Video),Kankan,False
806,456,20,22,Friday,Yq_qdfajtNI,LUCKI - 13 (Official Video),LUCKI,False
807,456,160,22,Friday,iRBS8AJZpFM,Glokk40Spaz - Wacko Ft. SlimeSito,GL4 Spaz,False
808,456,162,22,Friday,z2OLa3Nc38k,Glokk40Spaz - Swamp (Official Music Video) [Dir.ArkiveTrent + MaxPain] [Prod.Four3va + GeeQ],GL4 Spaz,False
809,456,115,22,Friday,efxiDBygvdg,Diplo - Wish (feat. Trippie Redd) (Official Music Video),Diplo,False
810,456,180,22,Friday,3t195yz9xCc,Drake - 5AM In Toronto (Official Video),Drake,False
811,456,218,23,Friday,Uevx0-MgkSI,Brent Faiyaz - REHAB (WINTER IN PARIS) [Official Video],Brent Faiyaz,False
812,456,149,23,Friday,PJ5mO_rEMOE,Glokk40Spaz - Bad Man,GL4 Spaz,False
813,456,171,23,Friday,fIrSkilUvHw,LUCKI - Super Urus (Official Video),LUCKI,False
814,456,148,23,Friday,GKjY6-lhY2A,iayze - 556 [Green Tip] (Official Music Video),Jace!,False
815,456,83,23,Friday,PP-xxI7smcI,Glokk40Spaz - Zodiac,GL4 Spaz,False
816,456,175,23,Friday,8zjqY2X_2HY,Veeze - GOMD (prod by Tye Beats),VEEZE WEAK ASS 7,False
817,456,295,23,Friday,doGlS0lcDZQ,Lil Tony Official - 3 AM,LilTonyVEVO,False
818,456,190,23,Friday,9N2LzFrsew4,Kankan - Wokeup,Kankan,False
819,456,128,23,Friday,x1xkCR_lztA,Playboi Carti - We So Proud of Him [prod. @6Silky & @BBasedTj],6Silky,False
820,456,128,23,Friday,W7VK4DUHvKU,"Lil Yachty - Pardon Me ft. Future, Mike WiLL Made-It",LilYachtyVEVO,False
821,456,184,23,Friday,fUqPS2xDmvs,Lil Uzi Vert - Dip (Remix) (Music Video) Shot By @Jmoney1041,Jmoney1041,False
822,456,209,23,Friday,OburOh3dM0c,Glokk40Spaz - Final Warning (Official Music Video),GL4 Spaz,False
823,456,168,23,Friday,sKu8Zg7Hplc,LUCKI - PAIDNFULL / COLORFUL DRUGS (Official Video),LUCKI,False
824,456,297,23,Friday,Gbqa9n1XOes,Ken Carson - MDMA ft. Destroy Lonely (Official Music Video),KenCarsonVEVO,False
825,456,169,23,Friday,7u1AYytKbwY,Autumn! - One Way (Official Video),Autumn!,False
826,456,200,23,Friday,f-vom4vjA2k,"Rio Da Yung Og - ""Legendary"" (Official Music Video)@SBKEONTA",Rio Da Yung OG,False
827,456,175,23,Friday,q5Sf2xz9cIk,LUCKI - NASCAR DASHCAR (OFFICIAL VIDEO),LUCKI,False
828,456,145,23,Friday,EtrL9NkEphg,summrs-back 2 da basics [official video],summrs,False
829,456,133,23,Friday,oRcbi8E1pdI,Glokk40Spaz - Uncle Phil,GL4 Spaz,False
830,456,54,23,Friday,ZkXG3ZrXlbc,DRAKE - FAMILY MATTERS,Drake,False
831,457,57186,15,Saturday,s1F7CVT0I7E,010 (edit),Lexcorp,False
832,457,91,15,Saturday,3wj2FT4qzsM,dream pad edit,Lexcorp,False
833,457,91,15,Saturday,4BzWL4pHm78,American Palace,Lexcorp,False
834,457,250,15,Saturday,8cQB1hlfDRk,Track 7,Lexcorp,False
835,457,238,15,Saturday,3tJ_PV_9ETo,Track 10,Lexcorp,False
836,457,1283,16,Saturday,z2OLa3Nc38k,Glokk40Spaz - Swamp (Official Music Video) [Dir.ArkiveTrent + MaxPain] [Prod.Four3va + GeeQ],GL4 Spaz,False
837,457,20,16,Saturday,PJ5mO_rEMOE,Glokk40Spaz - Bad Man,GL4 Spaz,False
838,457,84,16,Saturday,JoJ-vDlgbhE,Glokk40Spaz - Brutal Honesty [Audio],Bxbza,False
839,457,202,16,Saturday,ws7QInuGdCk,Glokk40Spaz - Thug Life [Dir.ITM] [Prod.Glokay],GL4 Spaz,False
840,457,6137,18,Saturday,IgBLFQBCCuU,LUCKI - Heavy On My Heart (Official Video),LUCKI,False
841,457,1249,18,Saturday,Yi90p-4yk74,Lil TJAY - Forever (Official Music Video),Lil Tjay,False
842,457,239,18,Saturday,QRHYpTTrRTA,https://music.youtube.com/watch?v=QRHYpTTrRTA,,False
843,457,13,18,Saturday,IjYSHZD0jZ4,Lilsccrt - No fear,LilSccrt,False
844,457,164,18,Saturday,Ysdf6F_8Nyk,"Thouxanban Fauni - ""Wish the Worst"" (Official Music Video)  (Shot by @Quintron) prod by Chinatown",SODA CLUB,False
845,457,195,18,Saturday,Dl9wMK4wdzc,Allstar Lee - PSA [Official Video],AllStar Lee,False
846,457,130,18,Saturday,4-tQu_M8Kpk,2sdxrt3all - Stress [dir. by @noahsocold ],2sdxrt3all ,False
847,457,52,18,Saturday,fUqPS2xDmvs,Lil Uzi Vert - Dip (Remix) (Music Video) Shot By @Jmoney1041,Jmoney1041,False
848,457,211,18,Saturday,eUUuI--jAlM,"Dreamville - Under The Sun ft. J. Cole, DaBaby, Lute (Official Music Video)",Dreamville,False
849,457,200,18,Saturday,YG3EhWlBaoI,"""2024"" prod. ojivolta, earlonthebeat, and Kanye West",Playboi Carti,False
850,457,2967,19,Saturday,uNCGM7FJ8wQ,Alpha,Daniel Rosenfeld - Topic,True
851,457,604,19,Saturday,oIC1-gwNpv4,Farewell,Daniel Rosenfeld - Topic,False
852,457,308,19,Saturday,TaXlw0OmSOg,Bromeliad,Aaron Cherof - Topic,False
853,457,312,19,Saturday,YkI-AOjFXYM,Nocturne,Trevor Kowalski - Topic,False
854,457,206,20,Saturday,-kyBRMmUOGU,A Bed of Flowers,Million Eyes - Topic,False
855,457,137,20,Saturday,wMR4jLlTw0c,Yves Tumor - Limerence (instrumental + slowed),ikodary,False
856,457,104,20,Saturday,PgG80WkPJQI,The Internet - Hold on (slowed + reverb),Tabii,False
857,457,476,20,Saturday,aKkXEaoSFlw,frank ocean ~ nights ﾉ slowed + reverb ﾉ,rum world,False
858,457,337,20,Saturday,9-5SQGHTeEc,ERYKAH BADU - DIDN'T CHA KNOW  ( s l o w e d   +   r e v e r b ),GIULIANO,False
859,457,271,20,Saturday,MXsj8H1BipI,men i trust - norton commander (all we need) (slowed + reverb),Jem,False
860,457,2002,20,Saturday,rn4mVQswfNg,Self Care,Mac Miller - Topic,False
861,457,59,20,Saturday,O0Cw1SLdxxE,Kanye West - Flashing Lights (Alternate Intro),prod. OCEVN,False
862,457,323,21,Saturday,50GVPFj66CY,RICK ROSS - DEVIL IN A NEW DRESS,MMG,False
863,457,205,21,Saturday,lUKGzvQj4bI,Pound Cake / Paris Morton Music 2,Release - Topic,False
864,457,435,21,Saturday,yox2Yz4Ni2o,Gojo Satoru - The Honored One | Jujutsu Kaisen Season 2 OST,Normaneverland,False
865,457,147,21,Saturday,raWSH1KrgFI,Slow Jamz,Jamie Foxx - Topic,False
866,457,19,21,Saturday,oFhWIzPMpbo,Drake ft. James Blake - The Catch Up (Official),OUTTRO.COM,False
867,457,208,21,Saturday,QKPxNQfrtzU,Work,Rihanna - Topic,False
868,457,9,21,Saturday,rVHnfYAACgA,Your Obituary,1791,False
869,457,157,21,Saturday,D0vWiR9RD6w,Track 6,Lexcorp,False
870,457,161,21,Saturday,eERxMmksUDY,Track 8,Lexcorp,False
871,457,123,21,Saturday,mUZrMNhM7fE,Fancy,Drake - Topic,False
872,457,321,21,Saturday,2BWgmYHAxs4,Kanye West - Brothers (BEST VERSION),Shakal,False
873,457,298,21,Saturday,ntLP7H2AXd0,Bahamas Promises,Drake - Topic,False
874,457,186,21,Saturday,LP6wKYLccKI,Headlines (Explicit),Drake - Topic,False
875,457,236,21,Saturday,-iyupsqzOEU,Family Matters,Drake - Topic,False
876,457,393,21,Saturday,g1QobinRyaA,False Prophets,J. Cole - Topic,False
877,457,12,21,Saturday,P2u4G9IccCw,tilekid - you not the same (slowed),dreamscape,False
878,457,52,21,Saturday,2EJAJwSVFUA,just close your eyes | silent hill inspired ambient music,im programmed.,False
879,461,344011,21,Wednesday,uNCGM7FJ8wQ,Alpha,Daniel Rosenfeld - Topic,True
880,461,629,21,Wednesday,XU8rNrTnIUE,Emile Mosseri - Jacob and the Stone [𝙨𝙡𝙤𝙬𝙚𝙙 + 𝙧𝙚𝙫𝙚𝙧𝙗 + 𝙚𝙭𝙩𝙚𝙣𝙙𝙚𝙙],Hendo,False
881,461,85,21,Wednesday,BgBNLX_3afs,lonnex - losing,dreamscape,False
882,461,360,21,Wednesday,_AWIqXzvX-U,Aphex Twin - Rhubarb,Birdman🐦808,False
883,461,349,21,Wednesday,oU4ZbLzaqRI,"Complication with Optimistic Outcome (HD) - From the Soundtrack to ""The Social Network""",CookieAdventures,False
884,461,207,21,Wednesday,tTB6HmZNJ5s,"Painted Sun in Abstract (HD) - From the Soundtrack to ""The Social Network""",CookieAdventures,False
885,461,217,21,Wednesday,x5faT66jmG4,"In Motion (HD) - From the Soundtrack to ""The Social Network""",CookieAdventures,False
886,461,302,22,Wednesday,q_QwBJdzPT8,"Penetration (HD) - From the Soundtrack to ""The Social Network""",CookieAdventures,False
887,461,848,22,Wednesday,XlAKW_tr4xA,"Soft Trees Break the Fall (HD) - From the Soundtrack to ""The Social Network""",CookieAdventures,False
888,461,15,22,Wednesday,lfpxuJbVaBA,"3:14 Every Night (HD) - From the Soundtrack to ""The Social Network""",CookieAdventures,False
889,461,10,22,Wednesday,XnkQfyeHiK8,"Eventually We Find Our Own Way (HD) - From the Soundtrack to ""The Social Network""",CookieAdventures,False
890,461,14,22,Wednesday,dEWIngn2_eM,"It Catches Up With You (HD) - From the Soundtrack to ""The Social Network""",CookieAdventures,False
891,461,244,22,Wednesday,b_ajArNJmjY,"Magnetic (HD) - From the Soundtrack to ""The Social Network""",CookieAdventures,False
892,461,82,22,Wednesday,2vvs4__2XRI,"Intriguing Possibilities (HD) - From the Soundtrack to ""The Social Network""",CookieAdventures,False
893,461,271,22,Wednesday,-oThJ94PIRc,"Carbon Prevails (HD) - From the Soundtrack to ""The Social Network""",CookieAdventures,False
894,461,66,22,Wednesday,7Qqpp09qWGo,"Pieces Form the Whole (HD) - From the Soundtrack to ""The Social Network""",CookieAdventures,False
895,461,39,22,Wednesday,yaztFAh23vs,"Hand Covers Bruise, Reprise (HD) - From the Soundtrack to ""The Social Network""",CookieAdventures,False
896,461,4673,23,Wednesday,oGyQwSwMI94,Gravity Swallows Light,Ludwig Göransson - Topic,True
897,461,1637,0,Thursday,YJQfUvBPqtw,"The Gentle Hum of Anxiety (HD) - From the Soundtrack to ""The Social Network""",CookieAdventures,False
898,461,237,0,Thursday,s1F7CVT0I7E,010 (edit),Lexcorp,False
899,461,91,0,Thursday,3wj2FT4qzsM,dream pad edit,Lexcorp,False
900,461,91,0,Thursday,4BzWL4pHm78,American Palace,Lexcorp,False
901,461,128,0,Thursday,M4eQ1F3jBa8,1700,Lexcorp,False
902,461,125,0,Thursday,D0vWiR9RD6w,Track 6,Lexcorp,False
903,461,160,0,Thursday,8cQB1hlfDRk,Track 7,Lexcorp,False
904,461,114,0,Thursday,eERxMmksUDY,Track 8,Lexcorp,False
905,461,125,0,Thursday,3tJ_PV_9ETo,Track 10,Lexcorp,False
906,461,121,0,Thursday,rVHnfYAACgA,Your Obituary,1791,False
907,461,15,0,Thursday,q86g1aop6a8,Aphex Twin - Stone In Focus,Jack Assir,False
908,461,612,0,Thursday,p0UTjSiXNp0,Quiet and Falling,Lena Raine - Topic,True
909,461,45042,13,Thursday,ZPItV_q1u38,"SYML - ""I Wanted to Leave"" [Official Music Video]",SYML,False
910,461,214,13,Thursday,k4zh8RwhjZ0,"The Beast (From ""Sicario"")",Jóhann Jóhannsson - Topic,False
911,461,901,13,Thursday,rb5Q2ejcxE4,Wayward Sisters,Release - Topic,False
912,462,7537,15,Thursday,eERxMmksUDY,Track 8,Lexcorp,False
913,462,123,15,Thursday,Nsv07AuY9k0,Radiohead - Everything In Its Right Place (slowed instrumental),picture.,False
914,462,310,15,Thursday,8cQB1hlfDRk,Track 7,Lexcorp,False
915,462,115,15,Thursday,q86g1aop6a8,Aphex Twin - Stone In Focus,Jack Assir,False
916,462,611,15,Thursday,D0vWiR9RD6w,Track 6,Lexcorp,False
917,462,160,16,Thursday,p0UTjSiXNp0,Quiet and Falling,Lena Raine - Topic,True
918,462,448,16,Thursday,lnIOHXLdniM,medasin - magic (slowed + reverb with paulstretch),drown in fog,False
919,462,11682,19,Thursday,YJQfUvBPqtw,"The Gentle Hum of Anxiety (HD) - From the Soundtrack to ""The Social Network""",CookieAdventures,False
920,462,238,19,Thursday,exvt4dzmuaI,Resonance,Home - Topic,False
921,462,214,19,Thursday,Ggddxkj8tU0,The Girl I Haven't Met,Kudasaibeats - Topic,False
922,462,195,19,Thursday,xqq1_XvbpPE,losing (Slowed + Reverb),Lonnex - Topic,False
923,462,427,19,Thursday,Ye_5RXl6n40,drifting,Blut Own - Topic,False
924,462,200,19,Thursday,zvUC8Ka3cZA,green to blue,Aurenth - Topic,False
925,462,184,19,Thursday,GLHR1YY88tE,there is light in us,Mathbonus - Topic,False
926,462,299,19,Thursday,xzecvLoNl2E,you not the same,Tilekid - Topic,False
927,462,2854,20,Thursday,-oThJ94PIRc,"Carbon Prevails (HD) - From the Soundtrack to ""The Social Network""",CookieAdventures,False
928,462,11,20,Thursday,oGyQwSwMI94,Gravity Swallows Light,Ludwig Göransson - Topic,True
929,462,819,20,Thursday,j_CSglLbGns,This Time Is Different,Lifeformed - Topic,True
930,462,198,20,Thursday,9kIv6vVRKpw,Black Hole Sun,Soundgarden - Topic,False
931,462,484,21,Thursday,b0d8sSmZqzs,Trinity,Ludwig Göransson - Topic,True
932,463,77697,18,Friday,8zjqY2X_2HY,Veeze - GOMD (prod by Tye Beats),VEEZE WEAK ASS 7,False
933,463,194,18,Friday,ugou23mYCmE,LUCKI - Y NOT? (Official Video),LUCKI,False
934,463,150,18,Friday,Ye-6goEDe44,Jace! - Goose Creek (OFFICIAL VIDEO) [Shot By: @Jmoney1041 Edit By: @jacepowers ],Jace!,False
935,463,175,18,Friday,GnKdDGoxtko,Veeze - Get Lucki (Official Music Video),VEEZE WEAK ASS 7,False
936,463,176,18,Friday,DmWWqogr_r8,21 Savage - a lot (Official Video) ft. J. Cole,21SavageVEVO,False
937,463,392,18,Friday,QfKBrsRBncI,On tha line [Official Music Video],Yeat,False
938,463,170,19,Friday,3fRTaJCXPA4,Lil Yachty - SOLO STEPPIN CRETE BOY,LilYachtyVEVO,False
939,463,163,19,Friday,nWATUS112MM,Glokk40Spaz - I Choose Violence [Dir. ITM],GL4 Spaz,False
940,463,160,19,Friday,jbrarMb6fpw,LUCKI - NO BAP (Official Video),LUCKI,False
941,467,345400,19,Tuesday,nNiHetq8-bg,Los Alamos,Ludwig Göransson - Topic,False
942,467,159,19,Tuesday,8TLR-TTXDY8,Quantum Mechanics,Ludwig Göransson - Topic,False
943,467,180,19,Tuesday,Ee-bpPsUeto,Manhattan Project,Ludwig Göransson - Topic,False
944,467,181,19,Tuesday,LtmFUgI6zEE,Dr. Hill,Ludwig Göransson - Topic,False
945,467,556,19,Tuesday,4JZ-o3iAJv4,Can You Hear The Music,Ludwig Göransson - Topic,False
946,467,957,19,Tuesday,vx7S3v7u7jY,Fission,Ludwig Göransson - Topic,True
947,467,279,19,Tuesday,-U4VnWX1ZD4,Fusion,Ludwig Göransson - Topic,True
948,467,236,19,Tuesday,X-jOQkXJuIw,A Lowly Shoe Salesman,Ludwig Göransson - Topic,True
949,467,425,19,Tuesday,Z93gSAyWjtQ,Meeting Kitty,Ludwig Göransson - Topic,False
950,467,2924,20,Tuesday,RocrMotFT4c,The Trial,Ludwig Göransson - Topic,False
951,467,333,20,Tuesday,VBCr6UVacz8,Power Stays In The Shadows,Ludwig Göransson - Topic,True
952,467,457,20,Tuesday,uADCo0308Kk,Colonel Pash,Ludwig Göransson - Topic,True
953,467,298,21,Tuesday,pCEVj0nV7M8,Atmospheric Ignition,Ludwig Göransson - Topic,False
954,467,208,21,Tuesday,b0d8sSmZqzs,Trinity,Ludwig Göransson - Topic,True
955,467,10381,23,Tuesday,oOhpTxcUxy0,Ground Zero,Ludwig Göransson - Topic,True
956,467,1,23,Tuesday,UysO8R1vqA8,American Prometheus,Ludwig Göransson - Topic,False
957,467,5,23,Tuesday,t9bf1XTLOXw,Pure Stillness,Quiet Music Academy - Topic,False
958,467,5,23,Tuesday,RjXGral96HM,Welcome Home,Nadav Cohen - Topic,False
959,467,2,23,Tuesday,aedBzDZuTVA,What We Have Done,Ludwig Göransson - Topic,False
960,467,10,23,Tuesday,OqY3kbQEMZI,Something More Important,Ludwig Göransson - Topic,True
961,467,471,0,Wednesday,oGyQwSwMI94,Gravity Swallows Light,Ludwig Göransson - Topic,True
962,467,523,0,Wednesday,arNkB9vxS3Q,Mountains,Hans Zimmer - Topic,False
963,467,219,0,Wednesday,-QGQPqub1Ko,as the stars fall,Piedkies - Topic,False
964,467,6,0,Wednesday,YqfbDisiAQo,Groves,Ludwig Göransson - Topic,True
965,467,184,0,Wednesday,xBkXDczuu3U,Theorists,Ludwig Göransson - Topic,False
966,467,194,0,Wednesday,FGCdurLEgsk,Kitty Comes To Testify,Ludwig Göransson - Topic,False
967,467,293,0,Wednesday,j11Nm4i4XbI,Oppenheimer,Ludwig Göransson - Topic,False
968,467,137,0,Wednesday,Pswx6OQp1Ks,Destroyer Of Worlds,Ludwig Göransson - Topic,True
969,467,1701,0,Wednesday,iM8W7912bHE,Hikari (Super Slowed),Clovis Reyes - Topic,False
970,467,9,0,Wednesday,VSuc3DRD13s,HIKARI - CLOVIS REYES & VDYCD - (ULTRA SLOWED + REVERB) - [PERFECTLY SLOWED],gabimaru,False
971,467,17,0,Wednesday,LICKOttG9rw,Hikari (Slowed + Reverb),Clovis Reyes - Topic,True
972,467,169,1,Wednesday,K-VoheJSUd8,for what,potsu - Topic,False
973,467,100,1,Wednesday,rCSMJ_n07Ds,hot slow,berlioz - Topic,False
974,467,637,1,Wednesday,8cQB1hlfDRk,Track 7,Lexcorp,False
975,467,3,1,Wednesday,s1F7CVT0I7E,010 (edit),Lexcorp,False
976,467,95,1,Wednesday,rVHnfYAACgA,Your Obituary,1791,False
977,467,37,1,Wednesday,uPp2n5cFC68,alvedon - retire (final) (slowed + reverb),drown in fog,False
978,467,3,1,Wednesday,3tJ_PV_9ETo,Track 10,Lexcorp,False
979,467,1230,1,Wednesday,q86g1aop6a8,Aphex Twin - Stone In Focus,Jack Assir,False
980,467,1903,2,Wednesday,YJQfUvBPqtw,"The Gentle Hum of Anxiety (HD) - From the Soundtrack to ""The Social Network""",CookieAdventures,False
981,467,4614,3,Wednesday,GA8_8nQ18Pg,Je Te Veux,Acoustic Cafe - Topic,False
982,467,40,3,Wednesday,KLb1IT3MCbA,"Nocturne No. 8 in D-Flat Major, Op. 27, No. 2",Peter Schmalfuss - Topic,False
983,467,334,3,Wednesday,zql8G-4gE7w,"Nocturne in E Flat Major, Op. 9, No. 2",Frédéric Chopin - Topic,False
984,468,75890,0,Thursday,VBCr6UVacz8,Power Stays In The Shadows,Ludwig Göransson - Topic,True
985,468,251,0,Thursday,OqY3kbQEMZI,Something More Important,Ludwig Göransson - Topic,True
986,468,206,0,Thursday,2vvs4__2XRI,"Intriguing Possibilities (HD) - From the Soundtrack to ""The Social Network""",CookieAdventures,False
987,468,272,0,Thursday,2oE57OyhCgc,stress,2Sdxrt3all - Topic,False
988,468,97,0,Thursday,eMztEjtPm4o,One More Love Song,Mac DeMarco - Topic,False
989,468,333,0,Thursday,cp1MDuIsLxk,deep dreams,Insensible - Topic,False
990,468,182,0,Thursday,i4_oVobD3Pg,I Wanted to Leave,SYML - Topic,False
991,468,204,1,Thursday,i4yRbeiu6M0,Falling Through the Hourglass,Sid Acharya - Topic,False
992,468,256,1,Thursday,mmK71ZfaZO4,Agape,Nicholas Britell - Topic,False
993,468,176,1,Thursday,UgkvcWx8oXw,Day One,Hans Zimmer - Topic,False
994,468,416,1,Thursday,M4eQ1F3jBa8,1700,Lexcorp,False
995,468,125,1,Thursday,D0vWiR9RD6w,Track 6,Lexcorp,False
996,468,160,1,Thursday,8cQB1hlfDRk,Track 7,Lexcorp,False
997,468,114,1,Thursday,eERxMmksUDY,Track 8,Lexcorp,False
998,468,123,1,Thursday,3tJ_PV_9ETo,Track 10,Lexcorp,False
999,468,122,1,Thursday,rVHnfYAACgA,Your Obituary,1791,False
1000,468,5944,3,Thursday,g8ryOVq7ano,salvia palth - (dream) slowed + reverb,leetcrew,False
1001,468,47,3,Thursday,YJQfUvBPqtw,"The Gentle Hum of Anxiety (HD) - From the Soundtrack to ""The Social Network""",CookieAdventures,False
1002,468,24,3,Thursday,s1F7CVT0I7E,010 (edit),Lexcorp,False
1003,468,91,3,Thursday,3wj2FT4qzsM,dream pad edit,Lexcorp,False
1004,468,91,3,Thursday,4BzWL4pHm78,American Palace,Lexcorp,False
1005,468,23,3,Thursday,x5faT66jmG4,"In Motion (HD) - From the Soundtrack to ""The Social Network""",CookieAdventures,False
1006,468,7896,5,Thursday,x5faT66jmG4,"In Motion (HD) - From the Soundtrack to ""The Social Network""",CookieAdventures,False
1007,474,496496,23,Tuesday,-TlcjPPuIMY,Hammock - Things of Beauty Burn (Mysterium),Hammock,False
1008,474,6,23,Tuesday,YJQfUvBPqtw,"The Gentle Hum of Anxiety (HD) - From the Soundtrack to ""The Social Network""",CookieAdventures,False
1009,474,237,23,Tuesday,HZ8G24kC_b0,Apparat - Joel (Official Audio),Apparat,False
1010,474,26,23,Tuesday,sCGLGqjuIkU,Little Life,Cordelia - Topic,False
1011,474,272,23,Tuesday,LICKOttG9rw,Hikari (Slowed + Reverb),Clovis Reyes - Topic,True
1012,474,167,23,Tuesday,Pswx6OQp1Ks,Destroyer Of Worlds,Ludwig Göransson - Topic,True
1013,474,175,23,Tuesday,VBCr6UVacz8,Power Stays In The Shadows,Ludwig Göransson - Topic,True
1014,474,251,23,Tuesday,OqY3kbQEMZI,Something More Important,Ludwig Göransson - Topic,True
1015,474,206,23,Tuesday,2vvs4__2XRI,"Intriguing Possibilities (HD) - From the Soundtrack to ""The Social Network""",CookieAdventures,False
1016,474,273,23,Tuesday,2oE57OyhCgc,stress,2Sdxrt3all - Topic,False
1017,474,127,23,Tuesday,_mRxOWvN9jo,No Fear (Sped Up),LilSccrt - Topic,False
1018,474,79,23,Tuesday,eERxMmksUDY,Track 8,Lexcorp,False
1019,474,95,23,Tuesday,FjG0ivBT4lQ,[Official] Celeste Original Soundtrack - 11 - Quiet and Falling,Lena Raine,False
1020,474,447,23,Tuesday,q86g1aop6a8,Aphex Twin - Stone In Focus,Jack Assir,False
1021,474,611,0,Wednesday,8cQB1hlfDRk,Track 7,Lexcorp,False
1022,474,5609,1,Wednesday,sk3rpYkiHe8,Devil In A New Dress,Kanye West - Topic,False
1023,474,3943,2,Wednesday,yoKU-adT3kg,LUCKI - Free Mr. Banks (Official Video),LUCKI,False
1024,474,73,2,Wednesday,ShD1jfu47Sw,Glokk40Spaz - Yung Nigga Shit,GL4 Spaz,False
1025,474,75,2,Wednesday,PP-xxI7smcI,Glokk40Spaz - Zodiac,GL4 Spaz,False
1026,474,13,2,Wednesday,sKu8Zg7Hplc,LUCKI - PAIDNFULL / COLORFUL DRUGS (Official Video),LUCKI,False
1027,474,255,2,Wednesday,kwqOVpiw08k,Glokk40Spaz - Still Young Pablo [Dir.ITM][Prod.Lamsal],GL4 Spaz,False
1028,474,147,2,Wednesday,pO2iiBEmwL4,Kankan (Ft. Summrs) - ##RRAnthem,Kankan,False
1029,474,171,2,Wednesday,YG3EhWlBaoI,"""2024"" prod. ojivolta, earlonthebeat, and Kanye West",Playboi Carti,False
1030,474,210,3,Wednesday,QTmRmPDS9tw,Destroy Lonely - NOSTYLIST (Official Video),Destroy Lonely,False
1031,474,182,3,Wednesday,yGeFeBKlVmQ,DON THADO & LIL DOUBLE 0 - Higher Than Ever (Need a G),Don Thado,False
1032,474,105,3,Wednesday,8TLR-TTXDY8,Quantum Mechanics,Ludwig Göransson - Topic,False
1033,474,3104,3,Wednesday,s1F7CVT0I7E,010 (edit),Lexcorp,False
1034,474,182,4,Wednesday,s1F7CVT0I7E,010 (edit),Lexcorp,False
1035,474,11215,7,Wednesday,-64qq6rThDE,Roof Cave Down,Release - Topic,True
1036,475,45319,19,Wednesday,YJQfUvBPqtw,"The Gentle Hum of Anxiety (HD) - From the Soundtrack to ""The Social Network""",CookieAdventures,False
1037,475,237,19,Wednesday,-oThJ94PIRc,"Carbon Prevails (HD) - From the Soundtrack to ""The Social Network""",CookieAdventures,False
1038,475,605,19,Wednesday,jbrarMb6fpw,LUCKI - NO BAP (Official Video),LUCKI,False
1039,475,124,20,Wednesday,PJ5mO_rEMOE,Glokk40Spaz - Bad Man,GL4 Spaz,False
1040,475,171,20,Wednesday,Yq_qdfajtNI,LUCKI - 13 (Official Video),LUCKI,False
1041,475,17,20,Wednesday,pO2iiBEmwL4,Kankan (Ft. Summrs) - ##RRAnthem,Kankan,False
1042,475,31,20,Wednesday,KavaUJxnNVU,ss,Ken Carson - Topic,False
1043,475,6,20,Wednesday,0Lu_glDG_jY,Jennifer’s Body,Ken Carson - Topic,True
1044,475,159,20,Wednesday,WQUxHlVnusw,Fighting My Demons,Ken Carson - Topic,False
1045,475,41,20,Wednesday,Rr1Cdli5nE8,Like That,Future - Topic,False
1046,475,9,20,Wednesday,WO28_jXYao0,Ye - LIKE THAT REMIX,Kanye West,False
1047,475,186,20,Wednesday,ZkXG3ZrXlbc,DRAKE - FAMILY MATTERS,Drake,False
1048,475,457,20,Wednesday,8HBcV0MtAQg,No Role Modelz,J. Cole - Topic,False
1049,475,205,20,Wednesday,P5ZBISo2CaE,Black Beatles,Rae Sremmurd - Topic,False
1050,475,239,20,Wednesday,ShD1jfu47Sw,Glokk40Spaz - Yung Nigga Shit,GL4 Spaz,False
1051,475,49,20,Wednesday,5dZRiqU3kdU,Yung Nigga Shit,Glokk40Spaz - Topic,False
1052,475,197,20,Wednesday,B2WB_PeFXkU,GOMD (Prod By Tye Beats & Moon),Veeze - Topic,False
1053,475,138,20,Wednesday,jQLJKlp58Bc,Im Inna Band,Glokk40Spaz - Topic,False
1054,475,5,20,Wednesday,Z9FcKSy7l4c,Backdoor,Glokk40Spaz - Topic,False
1055,475,3,20,Wednesday,UUmnW_ZMcZM,Not A Believer,Glokk40Spaz - Topic,False
1056,475,172,20,Wednesday,x1gR4Tr3E9g,More Than Ever,CHASETHEMONEY - Topic,False
1057,475,4,20,Wednesday,_uGvzDKgHpo,Bad Man,Glokk40Spaz - Topic,True
1058,475,13,20,Wednesday,VHAc1KU6yLg,Thug Life,Glokk40Spaz - Topic,False
1059,475,64,20,Wednesday,muRorJIeNOI,Dope Hole,Glokk40Spaz - Topic,False
1060,475,8,20,Wednesday,xfvxJSIP_y4,EBG Massacare,Glokk40Spaz - Topic,False
1061,475,111,20,Wednesday,lQtm6sS-DPM,Beneficial For AnyBody,Glokk40Spaz - Topic,False
1062,475,398,20,Wednesday,-3hnlXiAKPs,Glokk40Spaz - Round Here [Dir.ITM],InTheMoment Co,False
1063,475,69,20,Wednesday,DqE4YtvC-9Y,2022 Freestyle,D Savage - Topic,False
1064,475,178,20,Wednesday,ft8dLpTIfnQ,Glokk40Spaz - Mentally Gone [Prod by Taelyve],Trap Daily,False
1065,475,157,20,Wednesday,pdJn-LtuWMw,Glokk40Spaz - 2 Love 2 Da Mob (Official Music Video) [Dir.Vanity] [Prod.Ok],GL4 Spaz,False
1066,475,20,20,Wednesday,zs7PVTSZmic,G-lokk40 Spaz - “Kap Or Die” (prod.Khroam) (Official Audio),G-lokk40 Spaz,False
1067,475,13,20,Wednesday,lazDVmD66qE,Glokk40Spaz - Dead Dreamz [Prod by Taelyve],Trap Daily,False
1068,475,207,20,Wednesday,PwdK4bpTNic,Glokk40Spaz & Go.unna “Hypnotize” (prod. by Jthesensi) (Official Audio),EBG Records,False
1069,475,255,21,Wednesday,nn9u6y1cMug,BE RIGHT BACK,Glokk40Spaz - Topic,False
1070,475,169,21,Wednesday,_4PLWv5RhU0,Oso Wit A Stikk,Glokk40Spaz - Topic,False
1071,475,152,21,Wednesday,k23NrYEbsmw,Levels,Glokk40Spaz - Topic,False
1072,475,135,21,Wednesday,LL8qeSG8DA0,Spaz & Blues,Glokk40Spaz - Topic,False
1073,475,42,21,Wednesday,7yRY6lFLspk,Spring Fling,Glokk40Spaz - Topic,False
1074,475,117,21,Wednesday,aGxOqRNvDok,I Choose Violence,Glokk40Spaz - Topic,False
1075,475,3,21,Wednesday,k-lHD13QhBE,Home Alone,Glokk40Spaz - Topic,False
1076,475,185,21,Wednesday,4SDl3S8CJJ8,Lemme Be Ya Plug,Glokk40Spaz - Topic,False
1077,475,20,21,Wednesday,fJ_EFJV-63o,Brian Nichols,Glokk40Spaz - Topic,False
1078,475,7,21,Wednesday,uwXqXxDtFYg,Definition,Release - Topic,False
1079,475,7,21,Wednesday,ctMPpJYkj4Q,Definition,Glokk40Spaz - Topic,False
1080,475,151,21,Wednesday,9Rc5BzgKQmg,Brutal Honesty,Glokk40Spaz - Topic,False
1081,475,177,21,Wednesday,dUmcKiO_yk8,DeadShot,Pce Bj - Topic,True
1082,475,61,21,Wednesday,FX6Sly6V4Lo,Glokk40Spaz - Nun 4 No Schmuck,GL4 Spaz,False
1083,475,157,21,Wednesday,TJUWO1-z--8,Glokk40Spaz - Joker (dir. @PublicGoatt),GL4 Spaz,False
1084,475,165,21,Wednesday,-1TjqZC3TXo,Summrs- Marble Floors (Official Music Video),summrs,False
1085,475,218,21,Wednesday,fIrSkilUvHw,LUCKI - Super Urus (Official Video),LUCKI,False
1086,475,149,21,Wednesday,f-vom4vjA2k,"Rio Da Yung Og - ""Legendary"" (Official Music Video)@SBKEONTA",Rio Da Yung OG,False
1087,475,14,21,Wednesday,doGlS0lcDZQ,Lil Tony Official - 3 AM,LilTonyVEVO,False
1088,476,95127,23,Thursday,WW4ShzNVaC4,Glokk40Spaz - Whatchu Sayin?! (Prod. Al Chapo + SenseiATL) [Official Video],GL4 Spaz,False
1089,476,151,0,Friday,IjYSHZD0jZ4,Lilsccrt - No fear,LilSccrt,False
1090,476,164,0,Friday,6uuL43i-JQY,LUCKI - GOODFELLAS (Official Video),LUCKI,False
1091,476,143,0,Friday,ri3SX1ZDdsM,OTL Beezy - HIBACHI prod. F1LTHY (Official Video),OTL Beezy,False
1092,476,161,0,Friday,eUUuI--jAlM,"Dreamville - Under The Sun ft. J. Cole, DaBaby, Lute (Official Music Video)",Dreamville,False
1093,476,200,0,Friday,-4t85f5EsrQ,"LAZER DIM 700, GBE STRAP - Choppa On Fye 2 (OFFICIAL MUSIC VIDEO)",Strap,False
1094,476,291,0,Friday,EtrL9NkEphg,summrs-back 2 da basics [official video],summrs,False
1095,476,137,0,Friday,JMYvlpqZ2Ww,yvngxchris - QuikkSkope (feat. DC The Don) [Official Video],yvngxchris,False
1096,476,30,0,Friday,IrDij7YoMWs,LUCKI - Greed (Official Video) (feat. Lil Yachty),LUCKI,False
1097,476,119,0,Friday,Qlgclz4p9X0,Baby Drill - Slight Dub (Official Video) feat. 21 Savage & Young Nudy,BabyDrill,False
1098,476,1646,0,Friday,TJUWO1-z--8,Glokk40Spaz - Joker (dir. @PublicGoatt),GL4 Spaz,False
1099,476,18,0,Friday,uu2hjPUJseU,Lil Tony Official - Money Music (Official Music Video) Shot By PublicGoat,Lil Tony Official,False
1100,476,170,0,Friday,z2OLa3Nc38k,Glokk40Spaz - Swamp (Official Music Video) [Dir.ArkiveTrent + MaxPain] [Prod.Four3va + GeeQ],GL4 Spaz,False
1101,476,80,0,Friday,ShD1jfu47Sw,Glokk40Spaz - Yung Nigga Shit,GL4 Spaz,False
1102,476,139,0,Friday,i6vUrmHZhtA,2. Nebrugg - Ignorante Feat. M’Dep (Official Visualizer) Prod. Pury,Nebrugg ,False
1103,476,11,0,Friday,GJuYvLPPm0s,Lil Tecca - BAD TIME (Official Music Video),Lyrical Lemonade,False
1104,476,4,0,Friday,OburOh3dM0c,Glokk40Spaz - Final Warning (Official Music Video),GL4 Spaz,False
1105,476,10,0,Friday,PhLanmf5yHk,Glokk40Spaz - Bad Relations,GL4 Spaz,False
1106,476,148,0,Friday,nT-fiRVOSCo,2sdxrt3all - Stay Down (Official Video) [Dir. @PublicGoatt],2sdxrt3all ,False
1107,476,123,1,Friday,CSMiPngo4uE,Ken Carson - Jennifer's Body (Official Music Video),KenCarsonVEVO,False
1108,476,563,1,Friday,Y6YdKJ7muOs,https://music.youtube.com/watch?v=Y6YdKJ7muOs,,False
1109,476,181,1,Friday,pc-1owJbYU8,Pushing My Max,Glokk40Spaz - Topic,False
1110,476,6,1,Friday,a66-ye5gS_s,Glokk40Spaz - Higher Than Earth,GL4 Spaz,False
1111,476,413,1,Friday,TK704vvY3Ao,Glokk40Spaz - Be Right Back,GL4 Spaz,False
1112,477,70631,20,Friday,JWgUulm1cL4,Summrs-2 INFLUENCED / U DANGEROUS [Official Video],summrs,False
1113,477,22,20,Friday,TJUWO1-z--8,Glokk40Spaz - Joker (dir. @PublicGoatt),GL4 Spaz,False
1114,477,32,20,Friday,XlAKW_tr4xA,"Soft Trees Break the Fall (HD) - From the Soundtrack to ""The Social Network""",CookieAdventures,False
1115,477,11,20,Friday,X-jOQkXJuIw,A Lowly Shoe Salesman,Ludwig Göransson - Topic,True
1116,477,773,21,Friday,3xhRaVL4-Iw,Biking,Frank Ocean - Topic,False
1117,477,279,21,Friday,9-XbXBq8cl8,"Sing About Me, I'm Dying Of Thirst",Release - Topic,True
1118,477,710,21,Friday,8TLR-TTXDY8,Quantum Mechanics,Ludwig Göransson - Topic,False
1119,477,5,21,Friday,OqY3kbQEMZI,Something More Important,Ludwig Göransson - Topic,True
1120,477,206,21,Friday,b0d8sSmZqzs,Trinity,Ludwig Göransson - Topic,True
1121,477,473,21,Friday,xBkXDczuu3U,Theorists,Ludwig Göransson - Topic,False
1122,477,194,21,Friday,oOhpTxcUxy0,Ground Zero,Ludwig Göransson - Topic,True
1123,477,262,21,Friday,UysO8R1vqA8,American Prometheus,Ludwig Göransson - Topic,False
1124,477,157,21,Friday,vx7S3v7u7jY,Fission,Ludwig Göransson - Topic,True
1125,477,279,21,Friday,pCEVj0nV7M8,Atmospheric Ignition,Ludwig Göransson - Topic,False
1126,477,209,21,Friday,nNiHetq8-bg,Los Alamos,Ludwig Göransson - Topic,False
1127,477,159,21,Friday,Z93gSAyWjtQ,Meeting Kitty,Ludwig Göransson - Topic,False
1128,477,348,22,Friday,FGCdurLEgsk,Kitty Comes To Testify,Ludwig Göransson - Topic,False
1129,477,9726,0,Saturday,efxiDBygvdg,Diplo - Wish (feat. Trippie Redd) (Official Music Video),Diplo,False
1130,477,114,0,Saturday,WW4ShzNVaC4,Glokk40Spaz - Whatchu Sayin?! (Prod. Al Chapo + SenseiATL) [Official Video],GL4 Spaz,False
1131,477,47,0,Saturday,tgNOACjoi8Q,https://music.youtube.com/watch?v=tgNOACjoi8Q,,False
1132,477,80,0,Saturday,oKr9gDBd0qQ,Drake - Bahamas Promises (Audio),DrakeVEVO,False
1133,477,9,0,Saturday,HL1UzIK-flA,Rihanna - Work (Explicit) ft. Drake,RihannaVEVO,False
1134,477,274,0,Saturday,fyaI4-5849w,"DJ Khaled - Wild Thoughts (Official Video) ft. Rihanna, Bryson Tiller",DJKhaledVEVO,False
1135,477,216,0,Saturday,uxpDa-c-4Mc,Drake - Hotline Bling,DrakeVEVO,False
1136,477,110,1,Saturday,76O3w4pt0CA,Miguel - Sky Walker (Official Video) ft. Travis Scott,MiguelVEVO,False
1137,477,5,1,Saturday,r4l9bFqgMaQ,Frank Ocean - Nights,Blonded,False
1138,477,354,1,Saturday,H58vbez_m4E,Kendrick Lamar - Not Like Us,KendrickLamarVEVO,False
1139,477,185,1,Saturday,JXRN_LkCa_o,"Chris Brown - Loyal (Official Video) ft. Lil Wayne, Tyga",ChrisBrownVEVO,False
1140,477,199,1,Saturday,2kD3BczXH9M,Brent Faiyaz - JACKIE BROWN [Official Video],Brent Faiyaz,False
1141,477,3,1,Saturday,SLsTskih7_I,Post Malone - White Iverson,Post Malone,False
1142,477,284,1,Saturday,5EpyN_6dqyk,"The Weeknd, Playboi Carti - Timeless",TheWeekndVEVO,False
1143,477,92,1,Saturday,fRh_vgS2dFE,Justin Bieber - Sorry (PURPOSE : The Movement),JustinBieberVEVO,False
1144,477,106,1,Saturday,SXiSVQZLje8,Ariana Grande ft. Nicki Minaj - Side To Side (Official Video) ft. Nicki Minaj,ArianaGrandeVevo,False
1145,477,77,1,Saturday,JGwWNGJdvx8,Ed Sheeran - Shape of You (Official Music Video),Ed Sheeran,False
1146,477,13,1,Saturday,LDY_XyxBu8A,SZA - Snooze (Official Video),SZAVEVO,False
1147,477,281,1,Saturday,weeI1G46q0o,"DJ Khaled - I'm The One ft. Justin Bieber, Quavo, Chance the Rapper, Lil Wayne",DJKhaledVEVO,False
1148,477,128,1,Saturday,3qUkzh4nITo,GROOVY - jersey luv (turn me on) [Official Music Video],GROOVY,False
1149,477,98,1,Saturday,PhLanmf5yHk,Glokk40Spaz - Bad Relations,GL4 Spaz,False
1150,477,2,1,Saturday,iRBS8AJZpFM,Glokk40Spaz - Wacko Ft. SlimeSito,GL4 Spaz,False
1151,477,1,1,Saturday,Ysdf6F_8Nyk,"Thouxanban Fauni - ""Wish the Worst"" (Official Music Video)  (Shot by @Quintron) prod by Chinatown",SODA CLUB,False
1152,477,9,1,Saturday,q5Sf2xz9cIk,LUCKI - NASCAR DASHCAR (OFFICIAL VIDEO),LUCKI,False
1153,477,8,1,Saturday,lQtm6sS-DPM,Beneficial For AnyBody,Glokk40Spaz - Topic,False
1154,477,179,1,Saturday,pwX0om5O7aU,Goose Creek,Jace! - Topic,False
1155,477,175,1,Saturday,JHVyazheOFU,MDMA,Ken Carson - Topic,False
1156,477,229,1,Saturday,XctJ5Hh-ZfY,3 AM,Lil Tony Official - Topic,False
1157,477,188,1,Saturday,PpdtfHXJ2LY,Choppa On Fye 2 (feat. LAZER DIM 700),Gelatoo - Topic,False
1158,477,173,1,Saturday,dHaM8eB32NE,Playboi Carti - Heaven (Prod. Adrian),W4rpstr,False
1159,477,285,1,Saturday,WeH6xd8acX0,Get Lucki,Veeze - Topic,False
1160,477,179,1,Saturday,aLv2IWvPl7I,MY WAY / CODEINE COWBOY,LUCKI - Topic,False
1161,477,257,2,Saturday,Yy0uIfuN_Q0,Back 2 Da Basics,Summrs - Topic,False
1162,477,140,2,Saturday,_mRxOWvN9jo,No Fear (Sped Up),LilSccrt - Topic,False
1163,478,70113,21,Saturday,-64qq6rThDE,Roof Cave Down,Release - Topic,True
1164,478,7571,23,Saturday,3wj2FT4qzsM,dream pad edit,Lexcorp,False
1165,478,26,23,Saturday,OqY3kbQEMZI,Something More Important,Ludwig Göransson - Topic,True
1166,478,8,23,Saturday,b0d8sSmZqzs,Trinity,Ludwig Göransson - Topic,True
1167,478,473,23,Saturday,aedBzDZuTVA,What We Have Done,Ludwig Göransson - Topic,False
1168,478,346,23,Saturday,VBCr6UVacz8,Power Stays In The Shadows,Ludwig Göransson - Topic,True
1169,478,251,23,Saturday,RocrMotFT4c,The Trial,Ludwig Göransson - Topic,False
1170,479,77922,21,Sunday,wcpNW8xuc8A,Great Are You Lord,Michael W. Smith - Topic,False
1171,479,6,21,Sunday,0TuGHZTdGBQ,Great Are You Lord (Live),Casting Crowns - Topic,True
1172,479,395,21,Sunday,G_X2c6MPiAg,I Can Only Imagine,MercyMe - Topic,True
1173,479,247,21,Sunday,7efa5dpDYDM,I Smile,Kirk Franklin - Topic,False
1174,479,309,21,Sunday,4YFNLCsB4uI,What A Beautiful Name (Live),Hillsong Worship - Topic,False
1175,479,250,21,Sunday,uNCGM7FJ8wQ,Alpha,Daniel Rosenfeld - Topic,True
1176,479,950,22,Sunday,8Mm3AJNE-jQ,Alex G - Pretend,block perce,False
1177,479,588,22,Sunday,y7B6Z-_-Bcc,Vacations - Telephones,VACATIONS,False
1178,479,6,22,Sunday,EDj3Kgrx0Zo,jazz is for ordinary people,berlioz - Topic,False
1179,479,164,22,Sunday,Ln-D9gsk_m4,hot house,berlioz - Topic,False
1180,479,157,22,Sunday,FLUn8IXBBX4,deep in it,berlioz - Topic,False
1181,479,155,22,Sunday,RLqo708UjTw,r&r,berlioz - Topic,False
1182,479,128,22,Sunday,LVBnWA04Xvw,wash my sins away,berlioz - Topic,False
1183,479,156,22,Sunday,cYKAr38pZcY,Photosynthesis,Saba - Topic,False
1184,479,202,22,Sunday,7TDeBi34OtE,Smells Like Teen Spirit,Nirvana - Topic,False
1185,479,7,22,Sunday,KfEEm4Zx-EU,505,Arctic Monkeys - Topic,False
1186,479,6,22,Sunday,YvkHPdsjQQs,Lemon Pepper Freestyle,Drake - Topic,True
1187,479,385,22,Sunday,_sDatYPjnFQ,Losing You,boy pablo - Topic,False
1188,479,36,22,Sunday,-ud4JlQSwjc,"Jersey Anniversary (feat. Tony! Toni! Toné!, DJ BigO, Vivid The Producer & DJ Sliink)",KiaBHN - Topic,False
1189,479,34387,8,Monday,q_QwBJdzPT8,"Penetration (HD) - From the Soundtrack to ""The Social Network""",CookieAdventures,False
1190,479,10,8,Monday,oU4ZbLzaqRI,"Complication with Optimistic Outcome (HD) - From the Soundtrack to ""The Social Network""",CookieAdventures,False
1191,479,220,8,Monday,vx7S3v7u7jY,Fission,Ludwig Göransson - Topic,True
1192,480,25815,15,Monday,uPp2n5cFC68,alvedon - retire (final) (slowed + reverb),drown in fog,False
1193,480,21618,21,Monday,RKD8sVVTEAA,Self Control,Frank Ocean - Topic,False
1194,480,294,21,Monday,5H7CS-_RUe8,Look What You've Done,Drake - Topic,False
1195,480,301,21,Monday,Gb76TgCUqAY,ARE WE STILL FRIENDS?,"Tyler, The Creator - Topic",False
1196,480,104,21,Monday,mcB_TNU_apI,Freestyle,Lil Baby - Topic,False
1197,480,32,21,Monday,zTn8bUE4-ts,Lil Baby & Lil Durk - How It Feels (Official Audio),Lil Baby Official ,False
1198,480,20,21,Monday,6-Sr7ZEHUZg,Sum 2 Prove,Lil Baby - Topic,False
1199,480,4,21,Monday,-lpy5YFEe54,Low Down,Lil Baby - Topic,False
1200,480,58,21,Monday,lVou8NAcY7U,Ready,Lil Baby - Topic,False
1201,480,218,21,Monday,nZo1pPyNExo,ASTROTHUNDER,Travis Scott - Topic,False
1202,480,141,21,Monday,aEtqFWKKbbM,X (feat. Future),21 Savage - Topic,False
1203,480,142,21,Monday,MBUMYO3B47Y,Exotic,Lil Baby - Topic,False
1204,480,7,21,Monday,QGNJwKpl1a8,Exotic,Lil Baby - Topic,False
1205,480,165,21,Monday,SmSUpVC4sn4,Pardon Me,Lil Yachty - Topic,False
1206,480,179,21,Monday,42CLRCqUmv4,Heavy On My Heart,LUCKI - Topic,False
1207,480,162,22,Monday,1g8I_0ZjHU4,Sleazy Flow (Remix),SleazyWorld Go - Topic,False
1208,480,162,22,Monday,Np1miR2k0b4,Me Vs Me,Moneybagg Yo - Topic,False
1209,480,183,22,Monday,CnpQvbxkqZ8,Off The Meter,Ken Carson - Topic,False
1210,480,64,22,Monday,4F_vcZ6KD9Q,Lil Baby - In A Minute (Official Video),LilBabyVEVO,False
1211,480,209,22,Monday,WyhU6Zb_fhY,Lil Baby - California Breeze (Official Video),LilBabyVEVO,False
1212,480,184,22,Monday,W7VK4DUHvKU,"Lil Yachty - Pardon Me ft. Future, Mike WiLL Made-It",LilYachtyVEVO,False
1213,480,70,22,Monday,IgBLFQBCCuU,LUCKI - Heavy On My Heart (Official Video),LUCKI,False
1214,480,177,22,Monday,kiB9qk4gnt4,Kodak Black - Super Gremlin [Official Music Video],Kodak Black,False
1215,480,57,22,Monday,u0LaoQks5mY,Migos - Need It (Official Video) ft. YoungBoy Never Broke Again,MigosVEVO,False
1216,480,36,22,Monday,oBrbejOHjLw,Gunna - back in the a [Official Video],Gunna,False
1217,480,8,22,Monday,S5xQmaUV7ZA,Lil Baby - Right On (Official Video),LilBabyVEVO,False
1218,480,220,22,Monday,UNZqm3dxd2w,Roddy Ricch - The Box [Official Music Video],Roddy Ricch,False
1219,480,33,22,Monday,0jz0GAFNNIo,Drake - When To Say When & Chicago Freestyle,Drake,False
1220,480,2448,23,Monday,pvU4b4N1-QU,Dear April (Side A - Acoustic),Frank Ocean - Topic,True
1221,480,235,23,Monday,4yahdoqv5qk,Let You Go,Clara La San - Topic,False
1222,480,79,23,Monday,x6QJPJO2w40,Ivy,Frank Ocean - Topic,False
1223,480,4,23,Monday,AfRdRXCo3IU,Jungle,Drake - Topic,False
1224,480,322,23,Monday,zV6P77Y4D6k,AFTER HOURS,Avenoir - Topic,False
1225,480,18,23,Monday,NomGdaA-g0w,What You Heard,Sonder - Topic,True
1226,480,240,23,Monday,vWwIBemUwOI,https://music.youtube.com/watch?v=vWwIBemUwOI,,False
1227,480,263,23,Monday,bHRv-EIuKJ8,From Time,Drake - Topic,False
1228,480,23333,5,Tuesday,bHRv-EIuKJ8,From Time,Drake - Topic,False
1229,480,214,5,Tuesday,DJCB1ZlseJ8,Show Me How,Men I Trust - Topic,False
1230,480,217,6,Tuesday,x858OLBHShM,Brent Faiyaz - Wish You Well (Full Version),TheRealDeals,False
1231,480,147,6,Tuesday,7LmwZMCHLkg,Garden Kisses,GIVĒON - Topic,False
1232,480,197,6,Tuesday,Ol0-9Ob-QNk,Infrunami,Steve Lacy - Topic,False
1233,480,178,6,Tuesday,vNBNIce9XDM,One Night Only,Sonder - Topic,False
1234,480,196,6,Tuesday,J87pJrxvJ5E,PRIDE.,Kendrick Lamar - Topic,False
1235,480,170,6,Tuesday,4F_vcZ6KD9Q,Lil Baby - In A Minute (Official Video),LilBabyVEVO,False
1236,480,210,6,Tuesday,_VDGysJGNoI,Lil Baby - The Bigger Picture (Official Music Video),Lil Baby Official ,False
1237,480,8,6,Tuesday,CnT6NRiTz9M,Lil Durk - Hanging With Wolves (Official Video),Lil Durk,False
1238,480,45,6,Tuesday,lVou8NAcY7U,Ready,Lil Baby - Topic,False
1239,480,255,6,Tuesday,zhY_0DoQCQs,Do Not Disturb,Drake - Topic,True
1240,480,7,6,Tuesday,EPMSImeIeNY,#19,Aphex Twin - Topic,False
1241,480,10,6,Tuesday,s1F7CVT0I7E,010 (edit),Lexcorp,False
1242,480,25,6,Tuesday,2vvs4__2XRI,"Intriguing Possibilities (HD) - From the Soundtrack to ""The Social Network""",CookieAdventures,False
1243,480,272,6,Tuesday,oU4ZbLzaqRI,"Complication with Optimistic Outcome (HD) - From the Soundtrack to ""The Social Network""",CookieAdventures,False
1244,480,207,6,Tuesday,b_ajArNJmjY,"Magnetic (HD) - From the Soundtrack to ""The Social Network""",CookieAdventures,False
1245,480,137,6,Tuesday,dEWIngn2_eM,"It Catches Up With You (HD) - From the Soundtrack to ""The Social Network""",CookieAdventures,False
1246,480,106,6,Tuesday,x5faT66jmG4,"In Motion (HD) - From the Soundtrack to ""The Social Network""",CookieAdventures,False
1247,480,302,6,Tuesday,67C6EHUxeG4,"On We March (HD) - From the Soundtrack to ""The Social Network""",CookieAdventures,False
1248,480,607,6,Tuesday,FMJoOTOBcwE,Aerie,Lena Raine - Topic,True
1249,480,9017,9,Tuesday,g8ryOVq7ano,salvia palth - (dream) slowed + reverb,leetcrew,False
1250,480,1657,9,Tuesday,FLUn8IXBBX4,deep in it,berlioz - Topic,False
1251,480,155,9,Tuesday,RLqo708UjTw,r&r,berlioz - Topic,False
1252,480,3159,10,Tuesday,pvU4b4N1-QU,Dear April (Side A - Acoustic),Frank Ocean - Topic,True
1253,480,15,10,Tuesday,Z39AFprNIbU,Baby,Summer Walker - Topic,True
1254,480,89,10,Tuesday,0qlvKgm-WXM,F Song,Strawberry Guy - Topic,True
1255,480,225,10,Tuesday,PMk8L9FNqnY,Over My Dead Body,Drake - Topic,True
1256,480,273,10,Tuesday,o0tqEQ331go,I Know You,Faye Webster - Topic,False
1257,480,252,10,Tuesday,9mOutVQEhtY,Lose Control,Amaria - Topic,False
1258,480,182,11,Tuesday,SR70AZXmyr8,Juna,Clairo - Topic,False
1259,480,195,11,Tuesday,tEXYfT_G0W0,"New Person, Same Old Mistakes",Tame Impala - Topic,True
1260,480,95,11,Tuesday,wIgmyE5Juzw,Wallows - Are You Bored Yet? (feat. Clairo) [Official Video],Wallows,False
1261,480,70,11,Tuesday,zgOR698RMLY,Wallows - Scrawny (Official Music Video),Wallows,False
1262,480,61,11,Tuesday,zE_rK8PX83Q,Pinegrove - Need 2 (official lyric video),PinegroveBand,False
1263,480,195,11,Tuesday,xAz_DzPUjrM,Men I Trust - Numb,Men I Trust,False
1264,480,154,11,Tuesday,u8Ub6triQPE,peace,berlioz - Topic,False
1265,480,87,11,Tuesday,Rp_wT1dJYOo,Need Me,Julian Rincon - Topic,False
1266,480,35,11,Tuesday,uDsqD6vSA9Y,All You Need,Glokk40Spaz - Topic,True
1267,480,168,11,Tuesday,zxgKO0mrtks,Sabiá,Antonio Carlos Jobim - Topic,True
1268,480,42,11,Tuesday,Ud9UxjqdqhA,Purpose Is Glorious,Natalie Holt - Topic,False
1269,480,7,11,Tuesday,Ke_UYfv_FN8,Everyday Hustle,Future - Topic,True
1270,480,67,11,Tuesday,ICEzGr7x3t4,Kanye West - Never See Me Again - High Quality Vocals + Orchestral Intro,TheFloridaMan,False
1271,480,163,11,Tuesday,j91RZ01PZwA,You Get What You Give,Release - Topic,False
1272,480,123,11,Tuesday,YnsiyiC0Nc0,Pinegrove - Aphasia - Audiotree Live (8 of 8),Audiotree,False
1273,481,30759,19,Tuesday,9ytiyD_QA2s,magic,Medasin - Topic,True
1274,481,358,20,Tuesday,icZOJ878cGk,losing,Lonnex - Topic,False
1275,481,358,20,Tuesday,Yjbepc8pECI,The Beginning,Flawed Mangoes - Topic,False
1276,481,34,20,Tuesday,04VbX3CJB_M,nyc in 1940,berlioz - Topic,False
1277,481,7,20,Tuesday,NomGdaA-g0w,What You Heard,Sonder - Topic,True
1278,481,240,20,Tuesday,HMt5RUtTbgE,PARTY'S OVER,Nobu Woods - Topic,False
1279,481,140,20,Tuesday,fahxSXoXlsA,Nikes,Frank Ocean - Topic,False
1280,481,13,20,Tuesday,2oE57OyhCgc,stress,2Sdxrt3all - Topic,False
1281,481,12,20,Tuesday,j_CSglLbGns,This Time Is Different,Lifeformed - Topic,True
1282,481,199,20,Tuesday,YJQfUvBPqtw,"The Gentle Hum of Anxiety (HD) - From the Soundtrack to ""The Social Network""",CookieAdventures,False
1283,481,239,20,Tuesday,MSl1LPCpsQo,Swamp,Glokk40Spaz - Topic,False
1284,481,17,20,Tuesday,oGyQwSwMI94,Gravity Swallows Light,Ludwig Göransson - Topic,True
1285,481,210,20,Tuesday,b0d8sSmZqzs,Trinity,Ludwig Göransson - Topic,True
1286,481,474,20,Tuesday,1JKG5L8srdo,trippie redd ~ wish ﾉ slowed + reverb ﾉ,rum world,False
1287,481,1046,20,Tuesday,uNCGM7FJ8wQ,Alpha,Daniel Rosenfeld - Topic,True
1288,481,604,21,Tuesday,KOIEo_74L-Q,Aria Math,Daniel Rosenfeld - Topic,True
1289,481,1150,21,Tuesday,-64qq6rThDE,Roof Cave Down,Release - Topic,True
1290,481,40,21,Tuesday,Kb-PTIsdvXU,Arcade Fire Dimensions Slowed and Reverb.,GodSpeed,False
1291,481,320,21,Tuesday,6lBSU6I7va8,The Sound of Myself - Disasterpeace Extended Version,Erim Fortin,False
1292,481,5,21,Tuesday,P2u4G9IccCw,tilekid - you not the same (slowed),dreamscape,False
1293,481,23,21,Tuesday,4rAvTwB0IdY,https://music.youtube.com/watch?v=4rAvTwB0IdY,,False
1294,481,197,21,Tuesday,JQEr_8NrfTY,Lil Tecca - Show Me Up (Official Video),Lil Tecca,False
1295,481,143,21,Tuesday,O0Cw1SLdxxE,Kanye West - Flashing Lights (Alternate Intro),prod. OCEVN,False
1296,481,323,21,Tuesday,50GVPFj66CY,RICK ROSS - DEVIL IN A NEW DRESS,MMG,False
1297,481,205,21,Tuesday,lUKGzvQj4bI,Pound Cake / Paris Morton Music 2,Release - Topic,False
1298,481,434,21,Tuesday,yox2Yz4Ni2o,Gojo Satoru - The Honored One | Jujutsu Kaisen Season 2 OST,Normaneverland,False
1299,481,148,21,Tuesday,raWSH1KrgFI,Slow Jamz,Jamie Foxx - Topic,False
1300,481,317,22,Tuesday,dnxKnE6EV3M,https://music.youtube.com/watch?v=dnxKnE6EV3M,,False
1301,481,45677,10,Wednesday,oFhWIzPMpbo,Drake ft. James Blake - The Catch Up (Official),OUTTRO.COM,False
1302,481,172,10,Wednesday,T_5loXRM3mQ,Drake - Marvin's Room Outro (Piano Cover),Tomas Nolasco,False
1303,481,16,10,Wednesday,eF0Nsnk6wis,Congratulations (feat. Bilal),Mac Miller - Topic,False
1304,481,161,10,Wednesday,s1F7CVT0I7E,010 (edit),Lexcorp,False
1305,481,91,10,Wednesday,4BzWL4pHm78,American Palace,Lexcorp,False
1306,481,127,10,Wednesday,D0vWiR9RD6w,Track 6,Lexcorp,False
1307,481,160,10,Wednesday,rVHnfYAACgA,Your Obituary,1791,False
1308,481,203,10,Wednesday,FjG0ivBT4lQ,[Official] Celeste Original Soundtrack - 11 - Quiet and Falling,Lena Raine,False
1309,481,448,11,Wednesday,8cQB1hlfDRk,Track 7,Lexcorp,False
1310,481,114,11,Wednesday,3tJ_PV_9ETo,Track 10,Lexcorp,False
1311,481,1691,11,Wednesday,lnIOHXLdniM,medasin - magic (slowed + reverb with paulstretch),drown in fog,False
1312,481,11,11,Wednesday,p_oL2OIGo04,Seigfried,Frank Ocean - Topic,False
1313,481,292,11,Wednesday,uPp2n5cFC68,alvedon - retire (final) (slowed + reverb),drown in fog,False
1314,481,6,11,Wednesday,iTzUILAnTBE,Magic - medasin (slowed + reverb),𝓐𝓴𝓪,False
1315,481,229,11,Wednesday,10Ybw9gNHsM,My head is empty .numb (slowed reverb) best part,Rain ,False
1316,481,10,11,Wednesday,Z93gSAyWjtQ,Meeting Kitty,Ludwig Göransson - Topic,False
1317,481,523,11,Wednesday,XU8rNrTnIUE,Emile Mosseri - Jacob and the Stone [𝙨𝙡𝙤𝙬𝙚𝙙 + 𝙧𝙚𝙫𝙚𝙧𝙗 + 𝙚𝙭𝙩𝙚𝙣𝙙𝙚𝙙],Hendo,False
1318,481,312,11,Wednesday,prEIh1r-4Og,losing,Lonnex - Topic,False
1319,481,359,12,Wednesday,zvUC8Ka3cZA,green to blue,Aurenth - Topic,False
1320,481,184,12,Wednesday,cp1MDuIsLxk,deep dreams,Insensible - Topic,False
1321,481,182,12,Wednesday,47mUgngp3bk,dark snowy night (Slowed & Reverb Version),daniel.mp3 - Topic,False
1322,481,138,12,Wednesday,i77S8l-7-3Y,tilekid - you not the same,dreamscape,False
1323,481,1382,12,Wednesday,U8x59JU8fgM,losing (Slowed + Reverb),Lonnex - Topic,False
1324,482,33646,21,Wednesday,LvfGkekPK2w,Step In the Name of Love,R. Kelly - Topic,False
1325,482,7,21,Wednesday,Ib9RVxoGZi8,Step In the Name of Love (Remix),R. Kelly - Topic,False
1326,482,434,22,Wednesday,DKkpS1mYt9k,Mrs. Officer,Lil Wayne - Topic,False
1327,482,287,22,Wednesday,b4fCymLkgOQ,Didn't Cha Know,Erykah Badu - Topic,False
1328,482,240,22,Wednesday,EDxR5OzuKgE,My Boo,USHER - Topic,False
1329,482,222,22,Wednesday,gr3ymYCtohI,They Don't Know,Release - Topic,False
1330,482,127,22,Wednesday,KnkDL9lkbX8,"Hold On, We're Going Home",Drake - Topic,False
1331,482,230,22,Wednesday,Sn3SUnL44w4,Headlines,Drake - Topic,False
1332,482,236,22,Wednesday,9cHbvRUALrc,Pink + White,Frank Ocean - Topic,False
1333,482,185,22,Wednesday,flM8-rR0_O8,Too Fast,Sonder - Topic,False
1334,482,50,22,Wednesday,RKD8sVVTEAA,Self Control,Frank Ocean - Topic,False
1335,482,252,22,Wednesday,D0meVJwBUl0,Alternative Outro,LUCKI - Topic,True
1336,482,291,22,Wednesday,Fx3b85eDQvw,Nights,Frank Ocean - Topic,False
1337,482,306,22,Wednesday,2svEh1y9kyM,Time Flies,Drake - Topic,False
1338,482,193,22,Wednesday,gNbj8InBpKU,Too Deep for the Intro,J. Cole - Topic,False
1339,482,226,22,Wednesday,67vr-3kpX3Q,Alright,Kendrick Lamar - Topic,False
1340,482,218,22,Wednesday,VzAjXdBJsEc,Come Back to Earth,Mac Miller - Topic,False
1341,482,162,22,Wednesday,bSe3xemu1LY,Superpowers,Daniel Caesar - Topic,True
1342,482,176,23,Wednesday,1E2ihUl6ed4,Bad Habit,Steve Lacy - Topic,False
1343,482,230,23,Wednesday,COz9lDCFHjw,Passionfruit,Drake - Topic,False
1344,482,302,23,Wednesday,EZE62LpaqHg,See You Again,"Tyler, The Creator - Topic",False
1345,482,179,23,Wednesday,bvh09LxXpAQ,Godspeed,Frank Ocean - Topic,False
1346,482,179,23,Wednesday,wOy2xm7KsD4,Location,Khalid - Topic,False
1347,482,218,23,Wednesday,gLPt1TGrBZ8,Club Paradise,Drake - Topic,False
1348,482,282,23,Wednesday,vu1vQyjE1aA,Trust,Brent Faiyaz - Topic,False
1349,482,165,23,Wednesday,ToO4VFCoR7U,White Ferrari,Frank Ocean - Topic,False
1350,482,249,23,Wednesday,WB7LS3p7Tb4,Show Me,Joey Bada$$ - Topic,False
1351,482,221,23,Wednesday,DmH0ECtSjRs,4422,Drake - Topic,False
1352,482,185,23,Wednesday,IHp5Y4S3IJQ,Like I Want You,GIVĒON - Topic,False
1353,482,747,23,Wednesday,QGNJwKpl1a8,Exotic,Lil Baby - Topic,False
1354,482,29,23,Wednesday,4F_vcZ6KD9Q,Lil Baby - In A Minute (Official Video),LilBabyVEVO,False
1355,482,210,23,Wednesday,DmWWqogr_r8,21 Savage - a lot (Official Video) ft. J. Cole,21SavageVEVO,False
1356,482,4785,1,Thursday,YjJzmz653S0,F*ck U Thought,Lil Durk - Topic,False
1357,482,215,1,Thursday,qUfyX83py2E,Spin Bout U,Drake - Topic,False
1358,482,97,1,Thursday,vx7S3v7u7jY,Fission,Ludwig Göransson - Topic,True
1359,482,279,1,Thursday,Pswx6OQp1Ks,Destroyer Of Worlds,Ludwig Göransson - Topic,True
1360,482,175,1,Thursday,b0d8sSmZqzs,Trinity,Ludwig Göransson - Topic,True
1361,482,473,1,Thursday,FGCdurLEgsk,Kitty Comes To Testify,Ludwig Göransson - Topic,False
1362,482,293,1,Thursday,8TLR-TTXDY8,Quantum Mechanics,Ludwig Göransson - Topic,False
1363,482,180,1,Thursday,X-jOQkXJuIw,A Lowly Shoe Salesman,Ludwig Göransson - Topic,True
1364,482,214,1,Thursday,uADCo0308Kk,Colonel Pash,Ludwig Göransson - Topic,True
1365,482,297,1,Thursday,YqfbDisiAQo,Groves,Ludwig Göransson - Topic,True
1366,482,184,1,Thursday,xBkXDczuu3U,Theorists,Ludwig Göransson - Topic,False
1367,482,194,1,Thursday,j11Nm4i4XbI,Oppenheimer,Ludwig Göransson - Topic,False
1368,482,137,1,Thursday,LtmFUgI6zEE,Dr. Hill,Ludwig Göransson - Topic,False
1369,482,263,2,Thursday,pCEVj0nV7M8,Atmospheric Ignition,Ludwig Göransson - Topic,False
1370,482,209,2,Thursday,oGyQwSwMI94,Gravity Swallows Light,Ludwig Göransson - Topic,True
1371,482,211,2,Thursday,oOhpTxcUxy0,Ground Zero,Ludwig Göransson - Topic,True
1372,482,15059,6,Thursday,T8nbNQpRwNo,"Drake, 21 Savage - Spin Bout U",DrakeVEVO,False
1373,482,142,6,Thursday,MHryuYVyHhk,"Lil Baby ""Freestyle"" Official Music Video",Lil Baby Official ,False
1374,482,176,6,Thursday,UE_-obgiWm0,Kodak Black - No Flockin Freestyle (Prod. by VinnyxProd) [Official Music Video],Kodak Black,False
1375,482,189,6,Thursday,b8m9zhNAgKs,Rae Sremmurd - Black Beatles ft. Gucci Mane (Official Video),RaeSremmurdVEVO,False
1376,482,294,6,Thursday,nhNqbe6QENY,"GoldLink - Crew (Official Video) ft. Brent Faiyaz, Shy Glizzy",GoldLinkVEVO,False
1377,482,200,6,Thursday,nUEqPtVGIpE,Lil Baby - Woah (Official Music Video),LilBabyVEVO,False
1378,482,187,6,Thursday,Kbj2Zss-5GY,A$AP Rocky - Praise The Lord (Da Shine) (Official Video) ft. Skepta,LIVELOVEASAPVEVO,False
1379,482,227,6,Thursday,tGTKY1dpo_E,Young Thug - Oh U Went (feat. Drake) [Official Video],Young Thug,False
1380,482,187,6,Thursday,w7Wf0h1Q8a4,Gunna - HIM ALL ALONG [Official Video],Gunna,False
1381,482,195,6,Thursday,YG3EhWlBaoI,"""2024"" prod. ojivolta, earlonthebeat, and Kanye West",Playboi Carti,False
1382,482,209,6,Thursday,86p9_ycUyq8,Moneybagg Yo - Me Vs Me (Official Music Video),MoneybaggYoVEVO,False
1383,482,176,6,Thursday,d7cVLE4SaN0,Bryson Tiller - Don't (Explicit Version),BrysonTillerVEVO,False
1384,482,223,7,Thursday,H8E0WIy_vFc,Future - PUFFIN ON ZOOTIEZ (Official Music Video),FutureVEVO,False
1385,482,173,7,Thursday,WILNIXZr2oc,J. Cole - MIDDLE CHILD,JColeVEVO,False
1386,482,219,7,Thursday,ieTnO1Dvt-I,Lil Baby - On Me,LilBabyVEVO,False
1387,482,166,7,Thursday,_r-nPqWGG6c,Don Toliver - No Idea [Official Music Video],Don Toliver,False
1388,482,153,7,Thursday,CPh51t7KHLw,Polo G - Heartless (feat. Mustard) [Official Video],Polo G,False
1389,482,193,7,Thursday,CJOZc02VwJM,Roddy Ricch - Down Below [Official Music Video] (Dir. by JMP),Roddy Ricch,False
1390,482,225,7,Thursday,GErG9femMQk,Lil Baby x 42 Dugg - We Paid (Official Video),LilBabyVEVO,False
1391,482,174,7,Thursday,g0v7Ow6Epog,King Von - Crazy Story (Official Music Video),King Von,False
1392,482,138,7,Thursday,SmwmZfMooSo,Kodak Black - Skrilla [Official Music Video],Kodak Black,False
1393,482,238,7,Thursday,Yi90p-4yk74,Lil TJAY - Forever (Official Music Video),Lil Tjay,False
1394,483,32821,16,Thursday,s1F7CVT0I7E,010 (edit),Lexcorp,False
1395,483,7,16,Thursday,WJitbK6CSTM,Ludwig Göransson - Can you Hear The Music (slowed),Mysteriousness,False
1396,483,5,16,Thursday,b0d8sSmZqzs,Trinity,Ludwig Göransson - Topic,True
1397,483,4,16,Thursday,tUMc_-Bcunk,Richter: On the Nature of Daylight,Konzerthaus Kammerorchester Berlin - Topic,False
1398,483,18,16,Thursday,9SBNCYkSceU,"Hand Covers Bruise (HD) - From the Soundtrack to ""The Social Network""",CookieAdventures,False
1399,483,8,16,Thursday,yaztFAh23vs,"Hand Covers Bruise, Reprise (HD) - From the Soundtrack to ""The Social Network""",CookieAdventures,False
1400,483,9,16,Thursday,dEWIngn2_eM,"It Catches Up With You (HD) - From the Soundtrack to ""The Social Network""",CookieAdventures,False
1401,483,106,16,Thursday,Ho6HRBPOgM0,"A Familier Taste (HD) - From the Soundtrack to ""The Social Network""",CookieAdventures,False
1402,483,20,16,Thursday,x5faT66jmG4,"In Motion (HD) - From the Soundtrack to ""The Social Network""",CookieAdventures,False
1403,483,302,16,Thursday,lfpxuJbVaBA,"3:14 Every Night (HD) - From the Soundtrack to ""The Social Network""",CookieAdventures,False
1404,483,149,16,Thursday,SK7V5TXhj-g,"Almost Home (HD) - From the Soundtrack to ""The Social Network""",CookieAdventures,False
1405,483,1282,17,Thursday,4F_vcZ6KD9Q,Lil Baby - In A Minute (Official Video),LilBabyVEVO,False
1406,483,208,17,Thursday,LnKOxbwFAVs,Lil Baby - Humble (Audio),LilBabyVEVO,False
1407,483,192,17,Thursday,sKu8Zg7Hplc,LUCKI - PAIDNFULL / COLORFUL DRUGS (Official Video),LUCKI,False
1408,483,244,17,Thursday,9xmyGur-sj4,BHM Pezzy - Strange Things (Official Audio),BHM PEZZY,False
1409,483,21,17,Thursday,FX6Sly6V4Lo,Glokk40Spaz - Nun 4 No Schmuck,GL4 Spaz,False
1410,483,10,17,Thursday,Lvp7QStWlJU,Lil Baby - Crazy,LilBabyVEVO,False
1411,483,219,17,Thursday,g9KoLtojByY,Lil Baby - Go Hard,LilBabyVEVO,False
1412,483,228,17,Thursday,GnKdDGoxtko,Veeze - Get Lucki (Official Music Video),VEEZE WEAK ASS 7,False
1413,483,118,17,Thursday,iNmNoIsBZG0,Lil Baby - Double Down (Lyric Video),LilBabyVEVO,False
1414,483,207,17,Thursday,Iu9xmEaHwpU,Drake - Jumbotron Shit Poppin,DrakeVEVO,False
1415,483,59,17,Thursday,ShD1jfu47Sw,Glokk40Spaz - Yung Nigga Shit,GL4 Spaz,False
1416,483,139,17,Thursday,xmpTLfOmR0Y,Glokk40Spaz - Muzzle,GL4 Spaz,False
1417,483,126,17,Thursday,GiRh686uzhk,2sdxrt3all - Safety (Official Video),2sdxrt3all ,False
1418,483,44,17,Thursday,PP-xxI7smcI,Glokk40Spaz - Zodiac,GL4 Spaz,False
1419,483,8,17,Thursday,lVou8NAcY7U,Ready,Lil Baby - Topic,False
1420,483,20,17,Thursday,z2OLa3Nc38k,Glokk40Spaz - Swamp (Official Music Video) [Dir.ArkiveTrent + MaxPain] [Prod.Four3va + GeeQ],GL4 Spaz,False
1421,483,287,17,Thursday,ugou23mYCmE,LUCKI - Y NOT? (Official Video),LUCKI,False
1422,483,150,17,Thursday,kA0UM2rgSbQ,summrs- swing ya pole (official music video),summrs,False
1423,483,69,17,Thursday,PJ5mO_rEMOE,Glokk40Spaz - Bad Man,GL4 Spaz,False
1424,483,171,17,Thursday,Cl3htLU1NIQ,Glokk40Spaz - Perfect My Rob,GL4 Spaz,False
1425,483,181,17,Thursday,Ye-6goEDe44,Jace! - Goose Creek (OFFICIAL VIDEO) [Shot By: @Jmoney1041 Edit By: @jacepowers ],Jace!,False
1426,483,123,17,Thursday,AmXrIai9nsY,Glokk40Spaz - Brainwashed,GL4 Spaz,False
1427,483,197,17,Thursday,5ACDdAfA5GA,Thug's In My House,Glokk40Spaz - Topic,False
1428,483,152,18,Thursday,UJ0_vdAyEzI,All Bad $ Is Good,Glokk40Spaz - Topic,False
1429,483,121,18,Thursday,FKEI6v0Pzuc,On The Radar Freestyle,Lil Tony Official - Topic,False
1430,483,246,18,Thursday,WmYTrtu-25A,Shuniji,Daniel Rosenfeld - Topic,False
1431,483,127,18,Thursday,8TLR-TTXDY8,Quantum Mechanics,Ludwig Göransson - Topic,False
1432,483,20,18,Thursday,vx7S3v7u7jY,Fission,Ludwig Göransson - Topic,True
1433,483,8,18,Thursday,xBkXDczuu3U,Theorists,Ludwig Göransson - Topic,False
1434,483,195,18,Thursday,X-jOQkXJuIw,A Lowly Shoe Salesman,Ludwig Göransson - Topic,True
1435,483,214,18,Thursday,nNiHetq8-bg,Los Alamos,Ludwig Göransson - Topic,False
1436,483,227,18,Thursday,uNCGM7FJ8wQ,Alpha,Daniel Rosenfeld - Topic,True
1437,483,16,18,Thursday,YJQfUvBPqtw,"The Gentle Hum of Anxiety (HD) - From the Soundtrack to ""The Social Network""",CookieAdventures,False
1438,483,7449,20,Thursday,9ytiyD_QA2s,magic,Medasin - Topic,True
1439,483,357,20,Thursday,GaT5jaGEwzc,The Beach,lost hope. - Topic,False
1440,483,282,20,Thursday,t0q6jx9ZV2Q,time,hozuki - Topic,False
1441,483,159,20,Thursday,eVqFnuaW4JQ,Alien Observer,Grouper - Topic,False
1442,483,72,20,Thursday,WXbrgqQU0Rg,Reflections,Willix - Topic,False
1443,483,186,20,Thursday,717QLLMKcQQ,washing tones,Medasin - Topic,False
1444,483,1831,21,Thursday,uPp2n5cFC68,alvedon - retire (final) (slowed + reverb),drown in fog,False
1445,484,67313,15,Friday,uPp2n5cFC68,alvedon - retire (final) (slowed + reverb),drown in fog,False
1446,486,188653,20,Sunday,z2OLa3Nc38k,Glokk40Spaz - Swamp (Official Music Video) [Dir.ArkiveTrent + MaxPain] [Prod.Four3va + GeeQ],GL4 Spaz,False
1447,486,21,20,Sunday,ShD1jfu47Sw,Glokk40Spaz - Yung Nigga Shit,GL4 Spaz,False
1448,486,2066,20,Sunday,vx7S3v7u7jY,Fission,Ludwig Göransson - Topic,True
1449,486,278,20,Sunday,FGCdurLEgsk,Kitty Comes To Testify,Ludwig Göransson - Topic,False
1450,486,293,21,Sunday,uADCo0308Kk,Colonel Pash,Ludwig Göransson - Topic,True
1451,486,298,21,Sunday,Z93gSAyWjtQ,Meeting Kitty,Ludwig Göransson - Topic,False
1452,486,348,21,Sunday,xBkXDczuu3U,Theorists,Ludwig Göransson - Topic,False
1453,486,194,21,Sunday,aedBzDZuTVA,What We Have Done,Ludwig Göransson - Topic,False
1454,486,346,21,Sunday,LtmFUgI6zEE,Dr. Hill,Ludwig Göransson - Topic,False
1455,486,736,21,Sunday,8TLR-TTXDY8,Quantum Mechanics,Ludwig Göransson - Topic,False
1456,486,180,21,Sunday,RocrMotFT4c,The Trial,Ludwig Göransson - Topic,False
1457,486,333,21,Sunday,Pswx6OQp1Ks,Destroyer Of Worlds,Ludwig Göransson - Topic,True
1458,486,285,21,Sunday,Ee-bpPsUeto,Manhattan Project,Ludwig Göransson - Topic,False
1459,486,181,21,Sunday,X-jOQkXJuIw,A Lowly Shoe Salesman,Ludwig Göransson - Topic,True
1460,486,214,21,Sunday,oOhpTxcUxy0,Ground Zero,Ludwig Göransson - Topic,True
1461,486,262,21,Sunday,YqfbDisiAQo,Groves,Ludwig Göransson - Topic,True
1462,486,184,22,Sunday,VBCr6UVacz8,Power Stays In The Shadows,Ludwig Göransson - Topic,True
1463,486,8510,0,Monday,OqY3kbQEMZI,Something More Important,Ludwig Göransson - Topic,True
1464,486,206,0,Monday,UysO8R1vqA8,American Prometheus,Ludwig Göransson - Topic,False
1465,486,157,0,Monday,pCEVj0nV7M8,Atmospheric Ignition,Ludwig Göransson - Topic,False
1466,486,209,0,Monday,oGyQwSwMI94,Gravity Swallows Light,Ludwig Göransson - Topic,True
1467,486,211,0,Monday,nNiHetq8-bg,Los Alamos,Ludwig Göransson - Topic,False
1468,486,159,0,Monday,j11Nm4i4XbI,Oppenheimer,Ludwig Göransson - Topic,False
1469,486,136,0,Monday,-U4VnWX1ZD4,Fusion,Ludwig Göransson - Topic,True
1470,486,1489,1,Monday,9ytiyD_QA2s,magic,Medasin - Topic,True
1471,486,1567,1,Monday,7Qqpp09qWGo,"Pieces Form the Whole (HD) - From the Soundtrack to ""The Social Network""",CookieAdventures,False
1472,486,271,1,Monday,yaztFAh23vs,"Hand Covers Bruise, Reprise (HD) - From the Soundtrack to ""The Social Network""",CookieAdventures,False
1473,486,119,1,Monday,cD8EPdn5Ctg,"In the Hall of the Mountain King (HD) - From the Soundtrack to ""The Social Network""",CookieAdventures,False
1474,486,148,1,Monday,oU4ZbLzaqRI,"Complication with Optimistic Outcome (HD) - From the Soundtrack to ""The Social Network""",CookieAdventures,False
1475,486,208,1,Monday,YJQfUvBPqtw,"The Gentle Hum of Anxiety (HD) - From the Soundtrack to ""The Social Network""",CookieAdventures,False
1476,486,237,1,Monday,XlAKW_tr4xA,"Soft Trees Break the Fall (HD) - From the Soundtrack to ""The Social Network""",CookieAdventures,False
1477,486,285,1,Monday,dEWIngn2_eM,"It Catches Up With You (HD) - From the Soundtrack to ""The Social Network""",CookieAdventures,False
1478,486,106,1,Monday,q_QwBJdzPT8,"Penetration (HD) - From the Soundtrack to ""The Social Network""",CookieAdventures,False
1479,486,84,1,Monday,Ho6HRBPOgM0,"A Familier Taste (HD) - From the Soundtrack to ""The Social Network""",CookieAdventures,False
1480,486,221,2,Monday,tTB6HmZNJ5s,"Painted Sun in Abstract (HD) - From the Soundtrack to ""The Social Network""",CookieAdventures,False
1481,486,216,2,Monday,-oThJ94PIRc,"Carbon Prevails (HD) - From the Soundtrack to ""The Social Network""",CookieAdventures,False
1482,486,21,2,Monday,9SBNCYkSceU,"Hand Covers Bruise (HD) - From the Soundtrack to ""The Social Network""",CookieAdventures,False
1483,486,264,2,Monday,SK7V5TXhj-g,"Almost Home (HD) - From the Soundtrack to ""The Social Network""",CookieAdventures,False
1484,486,220,2,Monday,XnkQfyeHiK8,"Eventually We Find Our Own Way (HD) - From the Soundtrack to ""The Social Network""",CookieAdventures,False
1485,486,263,2,Monday,b_ajArNJmjY,"Magnetic (HD) - From the Soundtrack to ""The Social Network""",CookieAdventures,False
1486,486,88,2,Monday,2vvs4__2XRI,"Intriguing Possibilities (HD) - From the Soundtrack to ""The Social Network""",CookieAdventures,False
1487,486,271,2,Monday,67C6EHUxeG4,"On We March (HD) - From the Soundtrack to ""The Social Network""",CookieAdventures,False
1488,486,263,2,Monday,x5faT66jmG4,"In Motion (HD) - From the Soundtrack to ""The Social Network""",CookieAdventures,False
1489,486,302,2,Monday,lfpxuJbVaBA,"3:14 Every Night (HD) - From the Soundtrack to ""The Social Network""",CookieAdventures,False
1490,486,6921,4,Monday,a66-ye5gS_s,Glokk40Spaz - Higher Than Earth,GL4 Spaz,False
1491,486,26,4,Monday,z2OLa3Nc38k,Glokk40Spaz - Swamp (Official Music Video) [Dir.ArkiveTrent + MaxPain] [Prod.Four3va + GeeQ],GL4 Spaz,False
1492,486,381,4,Monday,gSeBZqcTHLc,Lil Baby - Stand On It (Official Video),LilBabyVEVO,False
1493,486,168,4,Monday,G6xgMW7U0aY,Future - 712PM (Directed by Travis Scott) (Official Music Video),FutureVEVO,False
1494,486,24,4,Monday,5AG1wrTS1dw,Lil Durk - 300 Urus,LilDurkVEVO,False
1495,486,25366,11,Monday,XnkQfyeHiK8,"Eventually We Find Our Own Way (HD) - From the Soundtrack to ""The Social Network""",CookieAdventures,False
1496,486,17,11,Monday,s1F7CVT0I7E,010 (edit),Lexcorp,False
1497,486,91,11,Monday,lnIOHXLdniM,medasin - magic (slowed + reverb with paulstretch),drown in fog,False
1498,486,1723,12,Monday,uADCo0308Kk,Colonel Pash,Ludwig Göransson - Topic,True
1499,486,1086,12,Monday,VBCr6UVacz8,Power Stays In The Shadows,Ludwig Göransson - Topic,True
1500,486,1415,12,Monday,Z93gSAyWjtQ,Meeting Kitty,Ludwig Göransson - Topic,False
1501,486,2636,13,Monday,4JZ-o3iAJv4,Can You Hear The Music,Ludwig Göransson - Topic,False
1502,486,110,13,Monday,RocrMotFT4c,The Trial,Ludwig Göransson - Topic,False
1503,486,1255,14,Monday,xBkXDczuu3U,Theorists,Ludwig Göransson - Topic,False
1504,486,93,14,Monday,pCEVj0nV7M8,Atmospheric Ignition,Ludwig Göransson - Topic,False
1505,486,4,14,Monday,UysO8R1vqA8,American Prometheus,Ludwig Göransson - Topic,False
1506,486,23,14,Monday,OqY3kbQEMZI,Something More Important,Ludwig Göransson - Topic,True
1507,486,518,14,Monday,RjXGral96HM,Welcome Home,Nadav Cohen - Topic,False
1508,486,63,14,Monday,YJQfUvBPqtw,"The Gentle Hum of Anxiety (HD) - From the Soundtrack to ""The Social Network""",CookieAdventures,False
1509,486,16,14,Monday,-oThJ94PIRc,"Carbon Prevails (HD) - From the Soundtrack to ""The Social Network""",CookieAdventures,False
1510,486,8,14,Monday,oU4ZbLzaqRI,"Complication with Optimistic Outcome (HD) - From the Soundtrack to ""The Social Network""",CookieAdventures,False
1511,486,208,14,Monday,2vvs4__2XRI,"Intriguing Possibilities (HD) - From the Soundtrack to ""The Social Network""",CookieAdventures,False
1512,486,271,14,Monday,9SBNCYkSceU,"Hand Covers Bruise (HD) - From the Soundtrack to ""The Social Network""",CookieAdventures,False
1513,486,264,14,Monday,lfpxuJbVaBA,"3:14 Every Night (HD) - From the Soundtrack to ""The Social Network""",CookieAdventures,False
1514,486,122,14,Monday,OburOh3dM0c,Glokk40Spaz - Final Warning (Official Music Video),GL4 Spaz,False
1515,486,16,14,Monday,S_ogJtUctgs,LUCKI - 4Ever Ever Freestyle (Official Video),LUCKI,False
1516,486,4,14,Monday,MS7DDsnVnIY,Glokk40Spaz - Thug's In My House [Official Music Video],GL4 Spaz,False
1517,486,212,14,Monday,OYGl9rc2j5c,Glokk40Spaz - McLaren's & Blickies [Dir. @Jmoney1041],GL4 Spaz,False
1518,486,41,14,Monday,ksW72-TWZQ0,Glokk40Spaz - Decoy (Official Music Video) [Dir. @PublicGoatt],GL4 Spaz,False
1519,486,240,14,Monday,kwqOVpiw08k,Glokk40Spaz - Still Young Pablo [Dir.ITM][Prod.Lamsal],GL4 Spaz,False
1520,487,20773,20,Monday,vx7S3v7u7jY,Fission,Ludwig Göransson - Topic,True
1521,487,278,20,Monday,oGyQwSwMI94,Gravity Swallows Light,Ludwig Göransson - Topic,True
1522,487,211,20,Monday,LtmFUgI6zEE,Dr. Hill,Ludwig Göransson - Topic,False
1523,487,263,20,Monday,j11Nm4i4XbI,Oppenheimer,Ludwig Göransson - Topic,False
1524,487,137,20,Monday,b0d8sSmZqzs,Trinity,Ludwig Göransson - Topic,True
1525,487,473,20,Monday,Ee-bpPsUeto,Manhattan Project,Ludwig Göransson - Topic,False
1526,487,181,20,Monday,-U4VnWX1ZD4,Fusion,Ludwig Göransson - Topic,True
1527,487,236,20,Monday,8TLR-TTXDY8,Quantum Mechanics,Ludwig Göransson - Topic,False
1528,487,180,20,Monday,FGCdurLEgsk,Kitty Comes To Testify,Ludwig Göransson - Topic,False
1529,487,293,20,Monday,X-jOQkXJuIw,A Lowly Shoe Salesman,Ludwig Göransson - Topic,True
1530,487,214,21,Monday,nNiHetq8-bg,Los Alamos,Ludwig Göransson - Topic,False
1531,487,159,21,Monday,aedBzDZuTVA,What We Have Done,Ludwig Göransson - Topic,False
1532,487,346,21,Monday,YqfbDisiAQo,Groves,Ludwig Göransson - Topic,True
1533,487,183,21,Monday,Pswx6OQp1Ks,Destroyer Of Worlds,Ludwig Göransson - Topic,True
1534,487,2542,21,Monday,5ACDdAfA5GA,Thug's In My House,Glokk40Spaz - Topic,False
1535,487,387,22,Monday,3v-Nk0HUJRA,Crazy,Lil Baby - Topic,False
1536,487,638,22,Monday,O0Cw1SLdxxE,Kanye West - Flashing Lights (Alternate Intro),prod. OCEVN,False
1537,487,324,22,Monday,Z39AFprNIbU,Baby,Summer Walker - Topic,True
1538,487,90,22,Monday,9ytiyD_QA2s,magic,Medasin - Topic,True
1539,487,357,22,Monday,FMJoOTOBcwE,Aerie,Lena Raine - Topic,True
1540,487,297,22,Monday,PMk8L9FNqnY,Over My Dead Body,Drake - Topic,True
1541,487,273,22,Monday,pvU4b4N1-QU,Dear April (Side A - Acoustic),Frank Ocean - Topic,True
1542,487,230,22,Monday,IpaqEkhNi4k,BILLY,6ix9ine - Topic,False
1543,487,113,22,Monday,YjJzmz653S0,F*ck U Thought,Lil Durk - Topic,False
1544,487,372,22,Monday,8RMXigC_SNU,In A Minute,Lil Baby - Topic,False
1545,487,200,22,Monday,6-Sr7ZEHUZg,Sum 2 Prove,Lil Baby - Topic,False
1546,487,206,22,Monday,mcB_TNU_apI,Freestyle,Lil Baby - Topic,False
1547,487,162,22,Monday,PD4F61NJm8Q,Johnny P's Caddy,Benny The Butcher - Topic,False
1548,487,225,23,Monday,YvkHPdsjQQs,Lemon Pepper Freestyle,Drake - Topic,True
1549,487,384,23,Monday,G_X2c6MPiAg,I Can Only Imagine,MercyMe - Topic,True
1550,487,11,23,Monday,0TuGHZTdGBQ,Great Are You Lord (Live),Casting Crowns - Topic,True
1551,487,13,23,Monday,fahxSXoXlsA,Nikes,Frank Ocean - Topic,False
1552,487,641,23,Monday,XctJ5Hh-ZfY,3 AM,Lil Tony Official - Topic,False
1553,487,190,23,Monday,dUmcKiO_yk8,DeadShot,Pce Bj - Topic,True
1554,487,1593,23,Monday,DqE4YtvC-9Y,2022 Freestyle,D Savage - Topic,False
1555,487,97,23,Monday,5dZRiqU3kdU,Yung Nigga Shit,Glokk40Spaz - Topic,False
1556,487,137,23,Monday,0Lu_glDG_jY,Jennifer’s Body,Ken Carson - Topic,True
1557,487,65,23,Monday,ZSLXxLr4aN8,2 Sides To Every Story,Lil Tony Official - Topic,True
1558,487,127,23,Monday,uRrw8glMKn0,Nun 4 No Schmuck,Glokk40Spaz - Topic,False
1559,487,13554,3,Tuesday,doGlS0lcDZQ,Lil Tony Official - 3 AM,LilTonyVEVO,False
1560,487,77,3,Tuesday,8qEUvpWtszg,2sdxrt3all -  Dine In (Official Video) [Dir. @PublicGoatt],2sdxrt3all ,False
1561,487,56,3,Tuesday,PJ5mO_rEMOE,Glokk40Spaz - Bad Man,GL4 Spaz,False
1562,487,81,3,Tuesday,Fq6q6QOgg_Y,Glokk40Spaz - No Name,GL4 Spaz,False
1563,487,6,3,Tuesday,-jEShhcnxIM,Lil Durk - F*ck U Thought,LilDurkVEVO,False
1564,487,188,3,Tuesday,Pw5y13LU_M0,Lil Baby -  By Myself Feat Rod Wave & Rylo Rodriguez (Official Music Video),Lil Baby Official ,False
1565,487,16,3,Tuesday,LH2N2bjX69U,Oh U Went (feat. Drake),Young Thug - Topic,False
1566,487,187,3,Tuesday,oOhpTxcUxy0,Ground Zero,Ludwig Göransson - Topic,True
1567,487,261,3,Tuesday,bSe3xemu1LY,Superpowers,Daniel Caesar - Topic,True
1568,488,39791,14,Tuesday,eERxMmksUDY,Track 8,Lexcorp,False
1569,488,1238,15,Tuesday,Nsv07AuY9k0,Radiohead - Everything In Its Right Place (slowed instrumental),picture.,False
1570,488,1047,15,Tuesday,s1F7CVT0I7E,010 (edit),Lexcorp,False
1571,488,91,15,Tuesday,rVHnfYAACgA,Your Obituary,1791,False
1572,488,156,15,Tuesday,YJQfUvBPqtw,"The Gentle Hum of Anxiety (HD) - From the Soundtrack to ""The Social Network""",CookieAdventures,False
1573,488,237,15,Tuesday,D0vWiR9RD6w,Track 6,Lexcorp,False
1574,488,160,15,Tuesday,3wj2FT4qzsM,dream pad edit,Lexcorp,False
1575,488,91,15,Tuesday,uPp2n5cFC68,alvedon - retire (final) (slowed + reverb),drown in fog,False
1576,488,439,15,Tuesday,3tJ_PV_9ETo,Track 10,Lexcorp,False
1577,488,123,15,Tuesday,q86g1aop6a8,Aphex Twin - Stone In Focus,Jack Assir,False
1578,488,1039,16,Tuesday,lnIOHXLdniM,medasin - magic (slowed + reverb with paulstretch),drown in fog,False
1579,488,718,16,Tuesday,8cQB1hlfDRk,Track 7,Lexcorp,False
1580,488,462,16,Tuesday,4BzWL4pHm78,American Palace,Lexcorp,False
1581,488,128,16,Tuesday,FjG0ivBT4lQ,[Official] Celeste Original Soundtrack - 11 - Quiet and Falling,Lena Raine,False
1582,488,97,16,Tuesday,M4eQ1F3jBa8,1700,Lexcorp,False
1583,488,32,16,Tuesday,klZNvJArVSE,Benny The Butcher & J. Cole - Johnny P's Caddy (Official Video),Benny the Butcher,False
1584,488,157,16,Tuesday,LH2N2bjX69U,Oh U Went (feat. Drake),Young Thug - Topic,False
1585,488,185,16,Tuesday,oOhpTxcUxy0,Ground Zero,Ludwig Göransson - Topic,True
1586,488,262,16,Tuesday,bSe3xemu1LY,Superpowers,Daniel Caesar - Topic,True
1587,488,665,17,Tuesday,O0Cw1SLdxxE,Kanye West - Flashing Lights (Alternate Intro),prod. OCEVN,False
1588,488,325,17,Tuesday,Z39AFprNIbU,Baby,Summer Walker - Topic,True
1589,488,90,17,Tuesday,9ytiyD_QA2s,magic,Medasin - Topic,True
1590,488,358,17,Tuesday,FMJoOTOBcwE,Aerie,Lena Raine - Topic,True
1591,488,296,17,Tuesday,PMk8L9FNqnY,Over My Dead Body,Drake - Topic,True
1592,488,93,17,Tuesday,YjJzmz653S0,F*ck U Thought,Lil Durk - Topic,False
1593,488,200,17,Tuesday,8RMXigC_SNU,In A Minute,Lil Baby - Topic,False
1594,488,201,17,Tuesday,6-Sr7ZEHUZg,Sum 2 Prove,Lil Baby - Topic,False
1595,488,205,17,Tuesday,mcB_TNU_apI,Freestyle,Lil Baby - Topic,False
1596,488,162,17,Tuesday,PD4F61NJm8Q,Johnny P's Caddy,Benny The Butcher - Topic,False
1597,488,1444,17,Tuesday,9SBNCYkSceU,"Hand Covers Bruise (HD) - From the Soundtrack to ""The Social Network""",CookieAdventures,False
1598,488,1823,18,Tuesday,uNCGM7FJ8wQ,Alpha,Daniel Rosenfeld - Topic,True
1599,488,39428,5,Wednesday,NomGdaA-g0w,What You Heard,Sonder - Topic,True
1600,488,239,5,Wednesday,L2y1wk5EB6U,Jaded,Drake - Topic,False
1601,488,1923,6,Wednesday,Kb-PTIsdvXU,Arcade Fire Dimensions Slowed and Reverb.,GodSpeed,False
1602,488,196,6,Wednesday,uADCo0308Kk,Colonel Pash,Ludwig Göransson - Topic,True
1603,488,330,6,Wednesday,bSe3xemu1LY,Superpowers,Daniel Caesar - Topic,True
1604,488,174,6,Wednesday,O0Cw1SLdxxE,Kanye West - Flashing Lights (Alternate Intro),prod. OCEVN,False
1605,488,324,6,Wednesday,Z39AFprNIbU,Baby,Summer Walker - Topic,True
1606,488,90,6,Wednesday,9ytiyD_QA2s,magic,Medasin - Topic,True
1607,488,358,6,Wednesday,FMJoOTOBcwE,Aerie,Lena Raine - Topic,True
1608,488,257,6,Wednesday,PMk8L9FNqnY,Over My Dead Body,Drake - Topic,True
1609,488,274,6,Wednesday,pvU4b4N1-QU,Dear April (Side A - Acoustic),Frank Ocean - Topic,True
1610,488,956,6,Wednesday,IpaqEkhNi4k,BILLY,6ix9ine - Topic,False
1611,488,5,6,Wednesday,YjJzmz653S0,F*ck U Thought,Lil Durk - Topic,False
1612,488,200,6,Wednesday,8RMXigC_SNU,In A Minute,Lil Baby - Topic,False
1613,488,200,6,Wednesday,6-Sr7ZEHUZg,Sum 2 Prove,Lil Baby - Topic,False
1614,488,206,7,Wednesday,mcB_TNU_apI,Freestyle,Lil Baby - Topic,False
1615,488,162,7,Wednesday,PD4F61NJm8Q,Johnny P's Caddy,Benny The Butcher - Topic,False
1616,488,225,7,Wednesday,YvkHPdsjQQs,Lemon Pepper Freestyle,Drake - Topic,True
1617,488,1433,7,Wednesday,oOhpTxcUxy0,Ground Zero,Ludwig Göransson - Topic,True
1618,488,536,7,Wednesday,5JD7rzURR4c,The Man,Aloe Blacc - Topic,False
1619,488,31,7,Wednesday,Z_thWSJP-y0,Jesus is my strength Jesus is my shelter and refuge (Simpsonwave 1995 ),God is with me,False
1620,488,58,7,Wednesday,q86g1aop6a8,Aphex Twin - Stone In Focus,Jack Assir,False
1621,488,6,7,Wednesday,mv5SZ7i6QLI,a classical mix for a king before battle,𝐑𝐞𝐬𝐨𝐧𝐚𝐧𝐜𝐞 𝐑𝐞𝐯𝐞𝐫𝐢𝐞,False
1622,488,16,7,Wednesday,YJQfUvBPqtw,"The Gentle Hum of Anxiety (HD) - From the Soundtrack to ""The Social Network""",CookieAdventures,False
1623,488,9,7,Wednesday,mmK71ZfaZO4,Agape,Nicholas Britell - Topic,False
1624,488,3204,8,Wednesday,uPp2n5cFC68,alvedon - retire (final) (slowed + reverb),drown in fog,False
1625,490,175344,9,Friday,oUw49icEgYU,bill withers - lovely day (slowed),Hound Dog,False
1626,490,290,9,Friday,7J-f8XPsHxE,grover washington jr - just the two of us (slowed),Hound Dog,False
1627,490,7,9,Friday,PgG80WkPJQI,The Internet - Hold on (slowed + reverb),Tabii,False
1628,490,19,9,Friday,-jEShhcnxIM,Lil Durk - F*ck U Thought,LilDurkVEVO,False
1629,490,49,9,Friday,PJ5mO_rEMOE,Glokk40Spaz - Bad Man,GL4 Spaz,False
1630,490,175,9,Friday,TK704vvY3Ao,Glokk40Spaz - Be Right Back,GL4 Spaz,False
1631,490,16010,13,Friday,EDj3Kgrx0Zo,jazz is for ordinary people,berlioz - Topic,False
1632,490,164,13,Friday,Ln-D9gsk_m4,hot house,berlioz - Topic,False
1633,490,157,13,Friday,FLUn8IXBBX4,deep in it,berlioz - Topic,False
1634,490,155,14,Friday,RLqo708UjTw,r&r,berlioz - Topic,False
1635,490,1684,14,Friday,s1F7CVT0I7E,010 (edit),Lexcorp,False
1636,490,91,14,Friday,3wj2FT4qzsM,dream pad edit,Lexcorp,False
1637,490,91,14,Friday,D0vWiR9RD6w,Track 6,Lexcorp,False
1638,491,599,14,Friday,lnIOHXLdniM,medasin - magic (slowed + reverb with paulstretch),drown in fog,False
1639,491,595,14,Friday,3tJ_PV_9ETo,Track 10,Lexcorp,False
1640,491,123,14,Friday,Nsv07AuY9k0,Radiohead - Everything In Its Right Place (slowed instrumental),picture.,False
1641,491,225,14,Friday,qlYoC2LRAVM,Etude n°16,Vanessa Wagner - Topic,False
1642,491,292,15,Friday,quLbOMIIwAg,Romance for Cello and Piano (1890),Pavel Gomziakov - Topic,False
1643,491,132,15,Friday,uXSWJeXnPJA,"Rachmaninoff: Cello Sonata in G Minor, Op. 19: III. Andante",Gautier Capuçon - Topic,False
1644,491,339,15,Friday,dPlxa-ttkzQ,"J.S. Bach: Violin Concerto No. 2 in E Major, BWV 1042: II. Adagio",Release - Topic,False
1645,491,427,15,Friday,ODZS9lFBazE,"Cello Sonata No. 2, H. 286: II. Largo",Johannes Moser - Topic,False
1646,491,169,15,Friday,vx7S3v7u7jY,Fission,Ludwig Göransson - Topic,True
1647,491,279,15,Friday,8TLR-TTXDY8,Quantum Mechanics,Ludwig Göransson - Topic,False
1648,491,180,15,Friday,b0d8sSmZqzs,Trinity,Ludwig Göransson - Topic,True
1649,491,473,15,Friday,OqY3kbQEMZI,Something More Important,Ludwig Göransson - Topic,True
1650,491,206,15,Friday,VBCr6UVacz8,Power Stays In The Shadows,Ludwig Göransson - Topic,True
1651,491,251,15,Friday,pCEVj0nV7M8,Atmospheric Ignition,Ludwig Göransson - Topic,False
1652,491,209,15,Friday,aedBzDZuTVA,What We Have Done,Ludwig Göransson - Topic,False
1653,491,345,15,Friday,Pswx6OQp1Ks,Destroyer Of Worlds,Ludwig Göransson - Topic,True
1654,491,175,15,Friday,-U4VnWX1ZD4,Fusion,Ludwig Göransson - Topic,True
1655,491,236,15,Friday,xBkXDczuu3U,Theorists,Ludwig Göransson - Topic,False
1656,491,194,16,Friday,4JZ-o3iAJv4,Can You Hear The Music,Ludwig Göransson - Topic,False
1657,491,111,16,Friday,Ee-bpPsUeto,Manhattan Project,Ludwig Göransson - Topic,False
1658,491,180,16,Friday,LtmFUgI6zEE,Dr. Hill,Ludwig Göransson - Topic,False
1659,491,263,16,Friday,nNiHetq8-bg,Los Alamos,Ludwig Göransson - Topic,False
1660,491,1560,16,Friday,NomGdaA-g0w,What You Heard,Sonder - Topic,True
1661,491,80,16,Friday,Lvp7QStWlJU,Lil Baby - Crazy,LilBabyVEVO,False
1662,491,5123,18,Friday,YJQfUvBPqtw,"The Gentle Hum of Anxiety (HD) - From the Soundtrack to ""The Social Network""",CookieAdventures,False
1663,491,6354,19,Friday,uPp2n5cFC68,alvedon - retire (final) (slowed + reverb),drown in fog,False
1664,493,183321,22,Sunday,uPp2n5cFC68,alvedon - retire (final) (slowed + reverb),drown in fog,False
1665,493,440,22,Sunday,tqp-gzerujg,does it ever get better?,Lonnex - Topic,False
1666,493,524,23,Sunday,7SQQy3cVJYA,Medasin - Magic (Super Slowed + Reverb) (Tiktok),Faithful,False
1667,493,185,23,Sunday,AG1oJalK5bg,hozuki - snowfield (slowed + reverb),drown in fog,False
1668,493,532,23,Sunday,EVJZoqSvjXg,dedekind cut - tahoe (slowed + reverb and stretched),drown in fog,False
1669,493,577,23,Sunday,DonHCWfyjPM,arcade fire - dimensions (slowed),zaf,False
1670,493,41243,10,Monday,DonHCWfyjPM,arcade fire - dimensions (slowed),zaf,False
1671,493,445,10,Monday,vx7S3v7u7jY,Fission,Ludwig Göransson - Topic,True
1672,493,278,11,Monday,FGCdurLEgsk,Kitty Comes To Testify,Ludwig Göransson - Topic,False
1673,493,293,11,Monday,Ee-bpPsUeto,Manhattan Project,Ludwig Göransson - Topic,False
1674,493,181,11,Monday,8TLR-TTXDY8,Quantum Mechanics,Ludwig Göransson - Topic,False
1675,493,180,11,Monday,RocrMotFT4c,The Trial,Ludwig Göransson - Topic,False
1676,493,333,11,Monday,uADCo0308Kk,Colonel Pash,Ludwig Göransson - Topic,True
1677,493,297,11,Monday,VBCr6UVacz8,Power Stays In The Shadows,Ludwig Göransson - Topic,True
1678,493,251,11,Monday,j11Nm4i4XbI,Oppenheimer,Ludwig Göransson - Topic,False
1679,493,137,11,Monday,pCEVj0nV7M8,Atmospheric Ignition,Ludwig Göransson - Topic,False
1680,493,209,11,Monday,oOhpTxcUxy0,Ground Zero,Ludwig Göransson - Topic,True
1681,686,16611914,17,Thursday,YJQfUvBPqtw,"The Gentle Hum of Anxiety (HD) - From the Soundtrack to ""The Social Network""",CookieAdventures,False
1682,686,237,18,Thursday,2vvs4__2XRI,"Intriguing Possibilities (HD) - From the Soundtrack to ""The Social Network""",CookieAdventures,False
1683,686,2206,18,Thursday,9SBNCYkSceU,"Hand Covers Bruise (HD) - From the Soundtrack to ""The Social Network""",CookieAdventures,False
1684,694,687760,17,Friday,9SBNCYkSceU,"Hand Covers Bruise (HD) - From the Soundtrack to ""The Social Network""",CookieAdventures,False
1685,694,264,17,Friday,2vvs4__2XRI,"Intriguing Possibilities (HD) - From the Soundtrack to ""The Social Network""",CookieAdventures,False
1686,694,271,17,Friday,z8zDPPA3CEQ,Ludwig Göransson - Groves (slowed + reverb),Pietro Aimar,False
1687,694,247,17,Friday,tTB6HmZNJ5s,"Painted Sun in Abstract (HD) - From the Soundtrack to ""The Social Network""",CookieAdventures,False
1688,694,216,17,Friday,7Qqpp09qWGo,"Pieces Form the Whole (HD) - From the Soundtrack to ""The Social Network""",CookieAdventures,False
1689,694,271,18,Friday,FKiWJlOtjrU,She Reminds Me of You (HD) From the Soundtrack to The Girl With the Dragon Tattoo,CookieAdventures,False
1690,694,17,18,Friday,9ytiyD_QA2s,magic,Medasin - Topic,True
1691,694,357,18,Friday,YqfbDisiAQo,Groves,Ludwig Göransson - Topic,True
1692,694,184,18,Friday,icZOJ878cGk,losing,Lonnex - Topic,False
1693,694,358,18,Friday,RhAUL-uQTCs,tiredminds - how to never stop being sad (instrumental) [slowed + reverb],tiredminds,False
1694,694,196,18,Friday,OkqOmWyb2Ac,IZ-US,Aphex Twin - Topic,True
1695,694,23,18,Friday,s1F7CVT0I7E,010 (edit),Lexcorp,False
1696,694,5,18,Friday,eERxMmksUDY,Track 8,Lexcorp,False
1697,694,124,18,Friday,3tJ_PV_9ETo,Track 10,Lexcorp,False
1698,694,123,18,Friday,rVHnfYAACgA,Your Obituary,1791,False
1699,694,156,18,Friday,q86g1aop6a8,Aphex Twin - Stone In Focus,Jack Assir,False
1700,694,611,18,Friday,FjG0ivBT4lQ,[Official] Celeste Original Soundtrack - 11 - Quiet and Falling,Lena Raine,False
1701,694,447,18,Friday,uPp2n5cFC68,alvedon - retire (final) (slowed + reverb),drown in fog,False
1702,694,439,18,Friday,Nsv07AuY9k0,Radiohead - Everything In Its Right Place (slowed instrumental),picture.,False
1703,694,347,19,Friday,lnIOHXLdniM,medasin - magic (slowed + reverb with paulstretch),drown in fog,False
1704,694,3457,19,Friday,YJQfUvBPqtw,"The Gentle Hum of Anxiety (HD) - From the Soundtrack to ""The Social Network""",CookieAdventures,False
1705,694,237,20,Friday,uADCo0308Kk,Colonel Pash,Ludwig Göransson - Topic,True
1706,694,298,20,Friday,VbVYDzZMFIY,you don’t exist - super slowed,this voice in my head - Topic,False
1707,694,172,20,Friday,leQuveQJ6wQ,snowfield,hozuki - Topic,False
1708,694,230,20,Friday,d19-El5w8gg,milk cassette x.mp3,analog_mannequin - Topic,False
1709,694,201,20,Friday,ibUOxEBxVsE,Subwoofer Lullaby,Daniel Rosenfeld - Topic,False
1710,694,208,20,Friday,exvt4dzmuaI,Resonance,Home - Topic,False
1711,694,213,20,Friday,DeZeMGToQOA,I see you in my dreams,Blut Own - Topic,False
1712,694,154,20,Friday,Gxbwc1VfgYU,it's_cold_here,Release - Topic,False
1713,696,164485,18,Sunday,q86g1aop6a8,Aphex Twin - Stone In Focus,Jack Assir,False
1714,696,518,18,Sunday,eERxMmksUDY,Track 8,Lexcorp,False
1715,696,125,18,Sunday,D0vWiR9RD6w,Track 6,Lexcorp,False
1716,696,160,18,Sunday,YJQfUvBPqtw,"The Gentle Hum of Anxiety (HD) - From the Soundtrack to ""The Social Network""",CookieAdventures,False
1717,696,237,18,Sunday,s1F7CVT0I7E,010 (edit),Lexcorp,False
1718,696,91,18,Sunday,3wj2FT4qzsM,dream pad edit,Lexcorp,False
1719,696,703,18,Sunday,Nsv07AuY9k0,Radiohead - Everything In Its Right Place (slowed instrumental),picture.,False
1720,696,347,18,Sunday,8cQB1hlfDRk,Track 7,Lexcorp,False
1721,696,114,18,Sunday,M4eQ1F3jBa8,1700,Lexcorp,False
1722,696,125,18,Sunday,4BzWL4pHm78,American Palace,Lexcorp,False
1723,696,128,18,Sunday,lnIOHXLdniM,medasin - magic (slowed + reverb with paulstretch),drown in fog,False
1724,761,5679412,12,Wednesday,YJQfUvBPqtw,"The Gentle Hum of Anxiety (HD) - From the Soundtrack to ""The Social Network""",CookieAdventures,False
1725,761,237,12,Wednesday,5TR3HZlo8T0,To Be Able To Fly,Trent Reznor - Topic,False
1726,761,54,12,Wednesday,O0Cw1SLdxxE,Kanye West - Flashing Lights (Alternate Intro),prod. OCEVN,False
1727,761,323,12,Wednesday,eYKokFJ--Jo,Fancy Outro - Drake (Perfect),LiavAlon,False
1728,761,167,12,Wednesday,50GVPFj66CY,RICK ROSS - DEVIL IN A NEW DRESS,MMG,False
1729,761,205,12,Wednesday,r4l9bFqgMaQ,Frank Ocean - Nights,Blonded,False
1730,762,17429,17,Wednesday,vx7S3v7u7jY,Fission,Ludwig Göransson - Topic,True
1731,762,279,17,Wednesday,Z93gSAyWjtQ,Meeting Kitty,Ludwig Göransson - Topic,False
1732,762,5793,19,Wednesday,LtmFUgI6zEE,Dr. Hill,Ludwig Göransson - Topic,False
1733,762,3,19,Wednesday,X-jOQkXJuIw,A Lowly Shoe Salesman,Ludwig Göransson - Topic,True
1734,762,215,19,Wednesday,aedBzDZuTVA,What We Have Done,Ludwig Göransson - Topic,False
1735,762,346,19,Wednesday,nNiHetq8-bg,Los Alamos,Ludwig Göransson - Topic,False
1736,762,159,19,Wednesday,4JZ-o3iAJv4,Can You Hear The Music,Ludwig Göransson - Topic,False
1737,762,110,19,Wednesday,Pswx6OQp1Ks,Destroyer Of Worlds,Ludwig Göransson - Topic,True
1738,763,86326,19,Thursday,Pswx6OQp1Ks,Destroyer Of Worlds,Ludwig Göransson - Topic,True
1739,763,1184,19,Thursday,s1F7CVT0I7E,010 (edit),Lexcorp,False
1740,763,182,19,Thursday,4BzWL4pHm78,American Palace,Lexcorp,False
1741,763,1837,20,Thursday,3wj2FT4qzsM,dream pad edit,Lexcorp,False
1742,763,576,20,Thursday,8cQB1hlfDRk,Track 7,Lexcorp,False
1743,774,948510,19,Monday,YJQfUvBPqtw,"The Gentle Hum of Anxiety (HD) - From the Soundtrack to ""The Social Network""",CookieAdventures,False
1744,774,380,20,Monday,Pswx6OQp1Ks,Destroyer Of Worlds,Ludwig Göransson - Topic,True
1745,774,22697,2,Tuesday,s1F7CVT0I7E,010 (edit),Lexcorp,False
1746,774,91,2,Tuesday,4BzWL4pHm78,American Palace,Lexcorp,False
1747,774,128,2,Tuesday,8NOpWb6KADc,悲しい街Sad City,Inervati,False
1748,774,243,2,Tuesday,9ytiyD_QA2s,magic,Medasin - Topic,True
1749,774,357,2,Tuesday,vx7S3v7u7jY,Fission,Ludwig Göransson - Topic,True
1750,774,279,2,Tuesday,icZOJ878cGk,losing,Lonnex - Topic,False
1751,774,285,2,Tuesday,9SBNCYkSceU,"Hand Covers Bruise (HD) - From the Soundtrack to ""The Social Network""",CookieAdventures,False
1752,774,549,2,Tuesday,cD8EPdn5Ctg,"In the Hall of the Mountain King (HD) - From the Soundtrack to ""The Social Network""",CookieAdventures,False
1753,774,128,2,Tuesday,2vvs4__2XRI,"Intriguing Possibilities (HD) - From the Soundtrack to ""The Social Network""",CookieAdventures,False
1754,774,271,3,Tuesday,7Qqpp09qWGo,"Pieces Form the Whole (HD) - From the Soundtrack to ""The Social Network""",CookieAdventures,False
1755,775,67853,21,Tuesday,q86g1aop6a8,Aphex Twin - Stone In Focus,Jack Assir,False
1756,775,2696,22,Tuesday,rVHnfYAACgA,Your Obituary,1791,False
1757,775,248,22,Tuesday,FjG0ivBT4lQ,[Official] Celeste Original Soundtrack - 11 - Quiet and Falling,Lena Raine,False
1758,775,1171,23,Tuesday,RkCDU8mNz_w,Gojo Satoru - The Honored One - 1 Hour 4K 60FPS | Season 2 OST,Yuyu,False
1759,775,4,23,Tuesday,wGQDJNksrAM,C418 - Dead Voxel (Minecraft Volume Beta),NycrypticProject,False
1760,775,296,23,Tuesday,w4MSbajRs_Y,Emotionless,Drake - Topic,True
1761,775,100,23,Tuesday,n6BMdhAaTBg,That was the moment i truly lost ( shuiar ),Muller,False
1762,775,11,23,Tuesday,72ykBvPOIc0,Back To Back,Drake - Topic,True
1763,775,15,23,Tuesday,9SBNCYkSceU,"Hand Covers Bruise (HD) - From the Soundtrack to ""The Social Network""",CookieAdventures,False
1764,775,13,23,Tuesday,tTB6HmZNJ5s,"Painted Sun in Abstract (HD) - From the Soundtrack to ""The Social Network""",CookieAdventures,False
1765,775,1,23,Tuesday,oU4ZbLzaqRI,"Complication with Optimistic Outcome (HD) - From the Soundtrack to ""The Social Network""",CookieAdventures,False
1766,775,424,23,Tuesday,x5faT66jmG4,"In Motion (HD) - From the Soundtrack to ""The Social Network""",CookieAdventures,False
1767,775,302,23,Tuesday,q_QwBJdzPT8,"Penetration (HD) - From the Soundtrack to ""The Social Network""",CookieAdventures,False
1768,775,320,23,Tuesday,-oThJ94PIRc,"Carbon Prevails (HD) - From the Soundtrack to ""The Social Network""",CookieAdventures,False
1769,775,240,23,Tuesday,XlAKW_tr4xA,"Soft Trees Break the Fall (HD) - From the Soundtrack to ""The Social Network""",CookieAdventures,False
1770,775,285,23,Tuesday,lfpxuJbVaBA,"3:14 Every Night (HD) - From the Soundtrack to ""The Social Network""",CookieAdventures,False
1771,775,249,23,Tuesday,XnkQfyeHiK8,"Eventually We Find Our Own Way (HD) - From the Soundtrack to ""The Social Network""",CookieAdventures,False
1772,775,263,23,Tuesday,yaztFAh23vs,"Hand Covers Bruise, Reprise (HD) - From the Soundtrack to ""The Social Network""",CookieAdventures,False
1773,775,119,23,Tuesday,SK7V5TXhj-g,"Almost Home (HD) - From the Soundtrack to ""The Social Network""",CookieAdventures,False
1774,775,219,23,Tuesday,dEWIngn2_eM,"It Catches Up With You (HD) - From the Soundtrack to ""The Social Network""",CookieAdventures,False
1775,775,106,23,Tuesday,67C6EHUxeG4,"On We March (HD) - From the Soundtrack to ""The Social Network""",CookieAdventures,False
1776,775,263,23,Tuesday,Ho6HRBPOgM0,"A Familier Taste (HD) - From the Soundtrack to ""The Social Network""",CookieAdventures,False
1777,775,430,0,Wednesday,q7HU5yENvBU,quiescent,Baton - Topic,False
1778,775,187,0,Wednesday,O9js2VCD0TY,"please, just be real",lyrλmbient - Topic,False
1779,775,2071,0,Wednesday,9ytiyD_QA2s,magic,Medasin - Topic,True
1780,775,358,0,Wednesday,Gxbwc1VfgYU,it's_cold_here,Release - Topic,False
1781,775,186,0,Wednesday,a6ndyG7A4Pg,it will find its way,flow3rkap - Topic,False
1782,775,273,0,Wednesday,prEIh1r-4Og,losing,Lonnex - Topic,False
1783,775,359,1,Wednesday,LmeuII-C1W4,Lost in the Mist,Pulsar - Topic,False
1784,775,118,1,Wednesday,X-jOQkXJuIw,A Lowly Shoe Salesman,Ludwig Göransson - Topic,True
1785,775,215,1,Wednesday,YqfbDisiAQo,Groves,Ludwig Göransson - Topic,True
1786,775,183,1,Wednesday,uADCo0308Kk,Colonel Pash,Ludwig Göransson - Topic,True
1787,775,297,1,Wednesday,3v-Nk0HUJRA,Crazy,Lil Baby - Topic,False
1788,775,8,1,Wednesday,oOhpTxcUxy0,Ground Zero,Ludwig Göransson - Topic,True
1789,775,262,1,Wednesday,bSe3xemu1LY,Superpowers,Daniel Caesar - Topic,True
1790,775,39,1,Wednesday,O0Cw1SLdxxE,Kanye West - Flashing Lights (Alternate Intro),prod. OCEVN,False
1791,775,3637,2,Wednesday,8Mm3AJNE-jQ,Alex G - Pretend,block perce,False
1792,775,5,2,Wednesday,mxCQDHAuwGw,Pretend - Alex G แปลไทย,WGKTBHG,False
1793,775,360,2,Wednesday,y7B6Z-_-Bcc,Vacations - Telephones,VACATIONS,False
1794,775,1327,2,Wednesday,zE_rK8PX83Q,Pinegrove - Need 2 (official lyric video),PinegroveBand,False
1795,775,192,2,Wednesday,_ruxnfq7FC8,when a guitar riff hits you so hard that you start to tear up (full version),jacal,False
1796,775,195,2,Wednesday,Xj6oW3dF9Gc,Alex G - Break,Keyan28,False
1797,775,54,2,Wednesday,91CGXp4RIRw,Big Truck,YoungBoy Never Broke Again - Topic,False
1798,775,32,2,Wednesday,5dZRiqU3kdU,Yung Nigga Shit,Glokk40Spaz - Topic,False
1799,775,47,2,Wednesday,6gnKBDlJutA,Poison Tree,Grouper - Topic,False
1800,775,199,3,Wednesday,Kb-PTIsdvXU,Arcade Fire Dimensions Slowed and Reverb.,GodSpeed,False
1801,775,430,3,Wednesday,4w59OhKY-A0,tiredminds - not my responsibility (instrumental) [slowed + reverb],tiredminds,False
1802,775,219,3,Wednesday,cBXlbRbKwf4,C418 - Aria Math slowed down + reverb,Rekordea,False
1803,775,434,3,Wednesday,RhAUL-uQTCs,tiredminds - how to never stop being sad (instrumental) [slowed + reverb],tiredminds,False
1804,775,196,3,Wednesday,xnhXGNASzck,faye webster - i know you (slowed & reverb) [with lyrics],lustry.,False
1805,775,239,3,Wednesday,s1F7CVT0I7E,010 (edit),Lexcorp,False
1806,775,91,3,Wednesday,3tJ_PV_9ETo,Track 10,Lexcorp,False
1807,775,122,3,Wednesday,8cQB1hlfDRk,Track 7,Lexcorp,False
1808,775,114,3,Wednesday,YJQfUvBPqtw,"The Gentle Hum of Anxiety (HD) - From the Soundtrack to ""The Social Network""",CookieAdventures,False
1809,775,684,3,Wednesday,EPMSImeIeNY,#19,Aphex Twin - Topic,False
1810,775,615,3,Wednesday,lnIOHXLdniM,medasin - magic (slowed + reverb with paulstretch),drown in fog,False
1811,775,701,4,Wednesday,uPp2n5cFC68,alvedon - retire (final) (slowed + reverb),drown in fog,False
1812,775,439,4,Wednesday,3wj2FT4qzsM,dream pad edit,Lexcorp,False
1813,775,91,4,Wednesday,4BzWL4pHm78,American Palace,Lexcorp,False
1814,776,39617,15,Wednesday,YJQfUvBPqtw,"The Gentle Hum of Anxiety (HD) - From the Soundtrack to ""The Social Network""",CookieAdventures,False
1815,776,545,15,Wednesday,oGyQwSwMI94,Gravity Swallows Light,Ludwig Göransson - Topic,True
1816,776,211,15,Wednesday,1JsoFfSiDz4,Floating Trees,Daniel Rosenfeld - Topic,False
1817,776,245,15,Wednesday,55dz3B4rzaA,Maybe for you there's a tomorrow (magic by medasin),whatlill,False
1818,776,199,15,Wednesday,oQaXp16OC0c,Current,inola - Topic,False
1819,776,186,15,Wednesday,EqDk4xzEuso,"limerence but ur in a magical forest (slowed and reverb, birds, sparkles) ｡⋆ ✧∘* ೃ ⋆｡˚",lily,False
1820,776,190,15,Wednesday,KCFHHtC9Dws,Less Likely,Trent Reznor - Topic,False
1821,776,381,15,Wednesday,cZlJ6hdwxjI,Haunt Muskie but it’s slower and nostalgic,Wave Aqualei,False
1822,776,1707,16,Wednesday,s1F7CVT0I7E,010 (edit),Lexcorp,False
1823,776,91,16,Wednesday,3wj2FT4qzsM,dream pad edit,Lexcorp,False
1824,776,91,16,Wednesday,4BzWL4pHm78,American Palace,Lexcorp,False
1825,776,128,16,Wednesday,M4eQ1F3jBa8,1700,Lexcorp,False
1826,776,99,16,Wednesday,D0vWiR9RD6w,Track 6,Lexcorp,False
1827,776,160,16,Wednesday,8cQB1hlfDRk,Track 7,Lexcorp,False
1828,776,114,16,Wednesday,eERxMmksUDY,Track 8,Lexcorp,False
1829,776,123,16,Wednesday,3tJ_PV_9ETo,Track 10,Lexcorp,False
1830,776,122,16,Wednesday,rVHnfYAACgA,Your Obituary,1791,False
1831,776,6144,18,Wednesday,FjG0ivBT4lQ,[Official] Celeste Original Soundtrack - 11 - Quiet and Falling,Lena Raine,False
1832,776,896,18,Wednesday,9ytiyD_QA2s,magic,Medasin - Topic,True
1833,776,357,18,Wednesday,Aupt2_jyW9w,a familiar feeling,alixe. - Topic,False
1834,776,179,18,Wednesday,U_hDiuyvK5g,dimensions (slowed & reverb with rain),softsync - Topic,False
1835,776,423,18,Wednesday,75O11W5EZAU,#3,Aphex Twin - Topic,False
1836,779,266226,20,Saturday,oU4ZbLzaqRI,"Complication with Optimistic Outcome (HD) - From the Soundtrack to ""The Social Network""",CookieAdventures,False
1837,779,208,20,Saturday,iHzuygQd3do,Aphex Twin - #19 (Official Audio),Aphex Twin,False
1838,779,615,20,Saturday,XU8rNrTnIUE,Emile Mosseri - Jacob and the Stone [𝙨𝙡𝙤𝙬𝙚𝙙 + 𝙧𝙚𝙫𝙚𝙧𝙗 + 𝙚𝙭𝙩𝙚𝙣𝙙𝙚𝙙],Hendo,False
1839,779,312,20,Saturday,7SQQy3cVJYA,Medasin - Magic (Super Slowed + Reverb) (Tiktok),Faithful,False
1840,779,176,21,Saturday,dZEJBjsvOys,02  In Motion - The Social Network - OST Soundtrack,TheOSTCity,False
1841,779,297,21,Saturday,50UKqoiqf3k,retire (final) but youre in a liminal space,rxosy music,False
1842,779,269,21,Saturday,QnQa24tRQUs,"nevermind, everything's ok",dreamcorp.,False
1843,779,199,21,Saturday,fOP7yhdmF3k,Yves Tumor - Limerence (Instrumental +432hz),棒Boti棒,False
1844,779,167,21,Saturday,BEjwLe8OCAw,all for nothing zachariehs slowed,ctrl1uv,False
1845,781,164152,18,Monday,oOhpTxcUxy0,Ground Zero,Ludwig Göransson - Topic,True
1846,781,262,18,Monday,8TLR-TTXDY8,Quantum Mechanics,Ludwig Göransson - Topic,False
1847,781,180,19,Monday,-U4VnWX1ZD4,Fusion,Ludwig Göransson - Topic,True
1848,781,7078,20,Monday,b0d8sSmZqzs,Trinity,Ludwig Göransson - Topic,True
1849,781,473,21,Monday,aedBzDZuTVA,What We Have Done,Ludwig Göransson - Topic,False
1850,781,345,21,Monday,VBCr6UVacz8,Power Stays In The Shadows,Ludwig Göransson - Topic,True
1851,781,251,21,Monday,RocrMotFT4c,The Trial,Ludwig Göransson - Topic,False
1852,781,333,21,Monday,LtmFUgI6zEE,Dr. Hill,Ludwig Göransson - Topic,False
1853,781,263,21,Monday,FGCdurLEgsk,Kitty Comes To Testify,Ludwig Göransson - Topic,False
1854,781,293,21,Monday,OqY3kbQEMZI,Something More Important,Ludwig Göransson - Topic,True
1855,781,527,21,Monday,Pswx6OQp1Ks,Destroyer Of Worlds,Ludwig Göransson - Topic,True
1856,781,175,21,Monday,j11Nm4i4XbI,Oppenheimer,Ludwig Göransson - Topic,False
1857,781,137,21,Monday,7-qH-XTbxQM,Stargazing,Marcelo De Carvalho - Topic,False
1858,781,178,21,Monday,lfdiha7QFSo,Idea 22 (Slowed + Reverb),Gibran Alcocer - Topic,False
1859,781,179,21,Monday,maWHojZTnTg,Aria Math,Daniel Rosenfeld - Topic,False
1860,781,310,21,Monday,itOx7sveAOY,A Place in the Clouds,Wild Wonder - Topic,False
1861,781,194,22,Monday,6_LsCe4jUF8,Ethereal,Txmy - Topic,False
1862,801,1741498,1,Monday,9SBNCYkSceU,"Hand Covers Bruise (HD) - From the Soundtrack to ""The Social Network""",CookieAdventures,False
1863,801,1419,2,Monday,oOhpTxcUxy0,Ground Zero,Ludwig Göransson - Topic,True
1864,801,261,2,Monday,-U4VnWX1ZD4,Fusion,Ludwig Göransson - Topic,True
1865,801,235,2,Monday,UysO8R1vqA8,American Prometheus,Ludwig Göransson - Topic,False
1866,801,157,2,Monday,Z93gSAyWjtQ,Meeting Kitty,Ludwig Göransson - Topic,False
1867,801,348,2,Monday,uADCo0308Kk,Colonel Pash,Ludwig Göransson - Topic,True
1868,801,395,2,Monday,RocrMotFT4c,The Trial,Ludwig Göransson - Topic,False
1869,801,690,2,Monday,oGyQwSwMI94,Gravity Swallows Light,Ludwig Göransson - Topic,True
1870,801,344,2,Monday,b0d8sSmZqzs,Trinity,Ludwig Göransson - Topic,True
1871,801,473,2,Monday,Ee-bpPsUeto,Manhattan Project,Ludwig Göransson - Topic,False
1872,801,181,3,Monday,pCEVj0nV7M8,Atmospheric Ignition,Ludwig Göransson - Topic,False
1873,801,209,3,Monday,nNiHetq8-bg,Los Alamos,Ludwig Göransson - Topic,False
1874,801,159,3,Monday,Pswx6OQp1Ks,Destroyer Of Worlds,Ludwig Göransson - Topic,True
1875,801,177,3,Monday,aedBzDZuTVA,What We Have Done,Ludwig Göransson - Topic,False
1876,801,344,3,Monday,FGCdurLEgsk,Kitty Comes To Testify,Ludwig Göransson - Topic,False
1877,801,293,3,Monday,VBCr6UVacz8,Power Stays In The Shadows,Ludwig Göransson - Topic,True
1878,801,255,3,Monday,X-jOQkXJuIw,A Lowly Shoe Salesman,Ludwig Göransson - Topic,True
1879,801,218,3,Monday,YqfbDisiAQo,Groves,Ludwig Göransson - Topic,True
1880,801,183,3,Monday,vx7S3v7u7jY,Fission,Ludwig Göransson - Topic,True
1881,801,279,3,Monday,4JZ-o3iAJv4,Can You Hear The Music,Ludwig Göransson - Topic,False
1882,801,643,3,Monday,OqY3kbQEMZI,Something More Important,Ludwig Göransson - Topic,True
1883,801,207,3,Monday,j11Nm4i4XbI,Oppenheimer,Ludwig Göransson - Topic,False
1884,801,136,3,Monday,xBkXDczuu3U,Theorists,Ludwig Göransson - Topic,False
1885,801,195,3,Monday,LtmFUgI6zEE,Dr. Hill,Ludwig Göransson - Topic,False
1886,801,263,3,Monday,8TLR-TTXDY8,Quantum Mechanics,Ludwig Göransson - Topic,False
1887,801,180,4,Monday,oOhpTxcUxy0,Ground Zero,Ludwig Göransson - Topic,True
1888,801,261,4,Monday,-U4VnWX1ZD4,Fusion,Ludwig Göransson - Topic,True
1889,801,235,4,Monday,UysO8R1vqA8,American Prometheus,Ludwig Göransson - Topic,False
1890,801,157,4,Monday,Z93gSAyWjtQ,Meeting Kitty,Ludwig Göransson - Topic,False
1891,801,348,4,Monday,uADCo0308Kk,Colonel Pash,Ludwig Göransson - Topic,True
1892,801,175,4,Monday,oGyQwSwMI94,Gravity Swallows Light,Ludwig Göransson - Topic,True
1893,801,1043,4,Monday,GzjTHCpOtPQ,YoungBoy Never Broke Again - Drawing Symbols [Official Music Video],YB Vault,False
1894,801,24,4,Monday,s1F7CVT0I7E,010 (edit),Lexcorp,False
1895,801,91,4,Monday,3wj2FT4qzsM,dream pad edit,Lexcorp,False
1896,801,91,4,Monday,4BzWL4pHm78,American Palace,Lexcorp,False
1897,801,128,4,Monday,M4eQ1F3jBa8,1700,Lexcorp,False
1898,801,125,4,Monday,D0vWiR9RD6w,Track 6,Lexcorp,False
1899,801,160,4,Monday,8cQB1hlfDRk,Track 7,Lexcorp,False
1900,801,93,4,Monday,eERxMmksUDY,Track 8,Lexcorp,False
1901,801,124,4,Monday,3tJ_PV_9ETo,Track 10,Lexcorp,False
1902,801,118,4,Monday,rVHnfYAACgA,Your Obituary,1791,False
1903,801,156,4,Monday,q86g1aop6a8,Aphex Twin - Stone In Focus,Jack Assir,False
1904,803,140074,19,Tuesday,oU4ZbLzaqRI,"Complication with Optimistic Outcome (HD) - From the Soundtrack to ""The Social Network""",CookieAdventures,False
1905,803,208,19,Tuesday,Tf8K6uv5zRw,Waves - Rushes Frank Ocean,lovedchalamet,False
1906,803,215,19,Tuesday,1Wr0yz4FLAg,Whiplash Soundtrack 02 - Overture,Eloquence Music,False
1907,803,509,20,Tuesday,faHqvs-D02c,Drake - National Treasures ft. Pressa (Official Audio),I Am Hip-Hop,False
1908,803,211,20,Tuesday,g_T5VDyFvjU,Whiplash Fletcher's Song In Club extended ( One hour),Jhoel Castillo,False
1909,856,4568529,17,Saturday,AxE6wEuLHQ0,Champagne Poetry,Drake - Topic,False
1910,856,367,17,Saturday,q6pK6L5oY7Q,Drew A Picasso,Drake - Topic,True
1911,856,328,17,Saturday,Nqg9ounrKkg,3AM on Glenwood,21 Savage - Topic,False
1912,856,23,17,Saturday,xPtcArdELVo,Success,Deeski - Topic,False
1913,856,1096,17,Saturday,7ukm1N-aL0Y,Success (Les Talk About It),Lil Tony Official - Topic,False
1914,858,178588,19,Monday,O0Cw1SLdxxE,Kanye West - Flashing Lights (Alternate Intro),prod. OCEVN,False
1915,858,74,19,Monday,x6Nr6EX3AwY,"Drake - You Only Live Twice (Audio) ft. Lil Wayne, Rick Ross",DrakeVEVO,False
1916,858,1,19,Monday,b2BrsALw0jA,ISAIAH RASHAD - HAPPY HOUR (OFFICIAL AUDIO),isaiah rashad,False
